NAME,RATING,AREA,DISHES,APPROX,DISC
Bella Aroma4.6,4.6,"Crowne Plaza, Ahmedabad",Cafe₹ 700 for two approx.,₹ 700 for two approx.,30% Off + 25% Off
South Leaf - The Food Chain4.4,4.4,"Prahlad Nagar, West Ahmedabad",South Indian₹ 900 for two approx.,₹ 900 for two approx.,15% Off + 25% Off
Essence4.5,4.5,"Crowne Plaza, Ahmedabad","Indian, North Indian₹ 2000 for two approx.",₹ 2000 for two approx.,20% Off + 25% Off
The Chocolate Room5.0,5.0,"Prahlad Nagar, West Ahmedabad  | View All(22) Outlets",Bakery₹ 500 for two approx.,₹ 500 for two approx.,35% Off + 25% Off
Sphere Lounge4.2,4.2,"Hotel Ramada, Ahmedabad","Indian, Continental₹ 900 for two approx.",₹ 900 for two approx.,10% Off + 25% Off
Sky Grill3.2,3.2,"Crowne Plaza, Ahmedabad","European, Indian₹ 1800 for two approx.",₹ 1800 for two approx.,25% Off + 25% Off
The Shaka Cafe4.1,4.1,"Prahlad Nagar, West Ahmedabad",Multicuisine₹ 1000 for two approx.,₹ 1000 for two approx.,10% Off + 25% Off
La Milano Pizzeria2.5,2.5,"Prahlad Nagar, West Ahmedabad  | View All(2) Outlets",Pizza₹ 500 for two approx.,₹ 500 for two approx.,25% Off + 25% Off
Sundew4.4,4.4,"Hotel Ramada, Ahmedabad",Multicuisine₹ 1400 for two approx.,₹ 1400 for two approx.,10% Off + 25% Off
Gwalia Vanakkam3.0,3.0,"Prahlad Nagar, West Ahmedabad  | View All(3) Outlets",South Indian₹ 800 for two approx.,₹ 800 for two approx.,20% Off + 25% Off
Devi Coffee Day4.5,4.5,"Satellite, West Ahmedabad","Cafe, Fast Food₹ 600 for two approx.",₹ 600 for two approx.,15% Off + 25% Off
Barbeque Nation4.5,4.5,"Prahlad Nagar, West Ahmedabad  | View All(3) Outlets",Multicuisine₹ 2100 for two approx.,₹ 2100 for two approx.,25% Off :Payeazy
Amritsar Haveli3.6,3.6,"Prahlad Nagar, West Ahmedabad  | View All(2) Outlets",Multicuisine₹ 1100 for two approx.,₹ 1100 for two approx.,30% Off + 25% Off
Kitcha: Together We Eat5.0,5.0,"Prahlad Nagar, West Ahmedabad",Multicuisine₹ 800 for two approx.,₹ 800 for two approx.,15% Off + 25% Off
Salad Time4.0,4.0,"Prahlad Nagar, West Ahmedabad  | View All(2) Outlets","Healthy Food, Salad₹ 500 for two approx.",₹ 500 for two approx.,20% Off + 25% Off
1944 The Hocco Kitchen5.0,5.0,"Prahlad Nagar, West Ahmedabad  | View All(8) Outlets",North Indian₹ 1000 for two approx.,₹ 1000 for two approx.,10% Off + 25% Off
Grill Kitchen4.7,4.7,"Prahlad Nagar, West Ahmedabad  | View All(4) Outlets",Multicuisine₹ 1000 for two approx.,₹ 1000 for two approx.,15% Off + 25% Off
Express Cafe4.2,4.2,Holiday Inn Express Ahmedabad Prahlad Nagar ,Multicuisine₹ 600 for two approx.,₹ 600 for two approx.,25% Off + 25% Off
SambharSa5.0,5.0,"Prahlad Nagar, West Ahmedabad",Multicuisine₹ 400 for two approx.,₹ 400 for two approx.,25% Off :Payeazy
Fruitose5.0,5.0,"Bopal, West Ahmedabad",Beverages₹ 450 for two approx.,₹ 450 for two approx.,10% Off + 25% Off
Starboy Pizza4.0,4.0,"Prahlad Nagar, West Ahmedabad","Desserts, Italian₹ 300 for two approx.",₹ 300 for two approx.,25% Off :Payeazy
Numeron4.4,4.4,"Bodakdev, West Ahmedabad","North Indian, Chinese, Italian₹ 1100 for two approx.",₹ 1100 for two approx.,40% Off + 25% Off
Three Quarter Indian4.4,4.4,"Satellite, West Ahmedabad",Multicuisine₹ 1200 for two approx.,₹ 1200 for two approx.,20% Off + 25% Off
Table Tales4.7,4.7,"Bodakdev, West Ahmedabad  | View All(3) Outlets",Multicuisine₹ 1500 for two approx.,₹ 1500 for two approx.,10% Off + 25% Off
The Chocolate Room Judges Bunglow4.8,4.8,"Bodakdev, West Ahmedabad",Bakery₹ 500 for two approx.,₹ 500 for two approx.,50% Off + 25% Off
Veranda Rooftop Restro Cafe5.0,5.0,"Jodhpur Village, Ahmedabad  | View All(2) Outlets",Multicuisine₹ 800 for two approx.,₹ 800 for two approx.,25% Off + 25% Off
Mirch Masala5.0,5.0,"Satellite, West Ahmedabad  | View All(8) Outlets","Mughlai, North Indian₹ 1000 for two approx.",₹ 1000 for two approx.,20% Off + 25% Off
Banjara- Gourmet Dining4.3,4.3,"Bodakdev, West Ahmedabad",Multicuisine₹ 1700 for two approx.,₹ 1700 for two approx.,15% Off + 25% Off
MAD By Tomato's5.0,5.0,"Bodakdev, West Ahmedabad  | View All(4) Outlets",Multicuisine₹ 1500 for two approx.,₹ 1500 for two approx.,10% Off + 25% Off
The Square - Novotel4.2,4.2,"Novotel, Ahmedabad",Multicuisine₹ 1500 for two approx.,₹ 1500 for two approx.,35% Off + 25% Off
Curries5.0,5.0,"Bodakdev, West Ahmedabad",Multicuisine₹ 1200 for two approx.,₹ 1200 for two approx.,10% Off + 25% Off
Pizzaiiolo - The Wood Fired Pizza	4.3,4.3,"Prahlad Nagar, West Ahmedabad  | View All(4) Outlets",Pizza₹ 600 for two approx.,₹ 600 for two approx.,15% Off + 25% Off
Daksheen Narmada - The Secret Spice4.9,4.9,"Prahlad Nagar, West Ahmedabad",South Indian₹ 1000 for two approx.,₹ 1000 for two approx.,15% Off + 25% Off
Tuk Tuk Thai - Pure Veg Asian Fine Dine5.0,5.0,"Bodakdev, West Ahmedabad",Asian₹ 1200 for two approx.,₹ 1200 for two approx.,10% Off + 25% Off
Gormoh4.6,4.6,"Bodakdev, West Ahmedabad  | View All(1) Outlets",Multicuisine₹ 1100 for two approx.,₹ 1100 for two approx.,10% Off + 25% Off
Desi Rasoi5.0,5.0,"Satellite, West Ahmedabad",Gujarati₹ 800 for two approx.,₹ 800 for two approx.,20% Off + 25% Off
Huber & Holly4.4,4.4,"Bodakdev, West Ahmedabad  | View All(4) Outlets",Ice Cream₹ 500 for two approx.,₹ 500 for two approx.,15% Off + 25% Off
Ishtaa - Truly South Indian4.5,4.5,"Bodakdev, West Ahmedabad",South Indian₹ 1000 for two approx.,₹ 1000 for two approx.,25% Off :Payeazy
Rustic Spices Cafe And Restaurant4.2,4.2,"Bopal, West Ahmedabad",Multicuisine₹ 1000 for two approx.,₹ 1000 for two approx.,20% Off + 25% Off
Moti Mahal Tandoori Trail4.7,4.7,"Thaltej, West Ahmedabad",Multicuisine₹ 1200 for two approx.,₹ 1200 for two approx.,10% Off + 25% Off
Burnt Turnt5.0,5.0,"Bopal, West Ahmedabad",North Indian₹ 1800 for two approx.,₹ 1800 for two approx.,25% Off + 25% Off
Collage5.0,5.0,"Hyatt, Ahmedabad",Multicuisine₹ 1700 for two approx.,₹ 1700 for two approx.,50% Off + 25% Off
Laurel - An Essence Of Flavors5.0,5.0,"Ambli, Ahmedabad",Multicuisine₹ 1800 for two approx.,₹ 1800 for two approx.,20% Off + 25% Off
Bayleaf4.5,4.5,"Le Meriden, Ahmedabad",Indian₹ 2000 for two approx.,₹ 2000 for two approx.,15% Off + 25% Off
Roastery Cultur - The Coffee Company4.5,4.5,"Bodakdev, West Ahmedabad","Beverages, Coffee and Tea₹ 700 for two approx.",₹ 700 for two approx.,10% Off + 25% Off
Topspin4.2,4.2,"Devarc Mall, Ramdev Nagar",Multicuisine₹ 1200 for two approx.,₹ 1200 for two approx.,15% Off + 25% Off
The Penthouse Chapter 1- By Novel Chef3.9,3.9,"Prahlad Nagar, West Ahmedabad",Multicuisine₹ 1100 for two approx.,₹ 1100 for two approx.,10% Off + 25% Off
The Trophy5.0,5.0,"Makarba, Ahmedabad",Multicuisine₹ 1500 for two approx.,₹ 1500 for two approx.,15% Off + 25% Off
The Market4.0,4.0,"Le Meriden, Ahmedabad",Multicuisine₹ 1500 for two approx.,₹ 1500 for two approx.,15% Off + 25% Off
@Mango4.7,4.7,"Bodakdev, West Ahmedabad",Multicuisine₹ 3500 for two approx.,₹ 3500 for two approx.,Cover Charge + 25% Off
Xia Rooftop Bistro 4.8,4.8,"Bodakdev, West Ahmedabad",Multicuisine₹ 1000 for two approx.,₹ 1000 for two approx.,25% Off :Payeazy
Govinda's3.7,3.7,"Satellite, West Ahmedabad",Multicuisine₹ 1000 for two approx.,₹ 1000 for two approx.,20% Off + 25% Off
The House of Makeba4.4,4.4,"Bodakdev, West Ahmedabad  | View All(5) Outlets",Continental₹ 1200 for two approx.,₹ 1200 for two approx.,10% Off + 25% Off
The Starry Foliage4.3,4.3,"Bopal, West Ahmedabad",Multicuisine₹ 1100 for two approx.,₹ 1100 for two approx.,10% Off + 25% Off
Union5.0,5.0,"Ambli, Ahmedabad",Multicuisine₹ 1800 for two approx.,₹ 1800 for two approx.,10% Off + 25% Off
Cafe Treat4.2,4.2,"The Pride Hotel, Ahmedabad",Multicuisine₹ 1800 for two approx.,₹ 1800 for two approx.,30% Off + 25% Off
Neem Chowk- Under The Neem Tree 5.0,5.0,"Bodakdev, West Ahmedabad","Gujarati, Rajasthani₹ 2500 for two approx.",₹ 2500 for two approx.,Cover Charge + 25% Off
Neem Dream- Under the neem Tree5.0,5.0,"Bodakdev, West Ahmedabad",Multicuisine₹ 4000 for two approx.,₹ 4000 for two approx.,Cover Charge + 25% Off
Neem County- Under The Neem Tree4.5,4.5,"Bodakdev, West Ahmedabad","Continental, oriental, North Indian₹ 3000 for two approx.",₹ 3000 for two approx.,Cover Charge + 25% Off
Lithosphere By Upper Crust4.2,4.2,"Bodakdev, West Ahmedabad  | View All(4) Outlets",Multicuisine₹ 1800 for two approx.,₹ 1800 for two approx.,25% Off :Payeazy
Sizzling Barbeque4.4,4.4,"The Pride Hotel, Ahmedabad",Barbeque₹ 700 for two approx.,₹ 700 for two approx.,30% Off + 25% Off
The Global Platter4.0,4.0,"Prahlad Nagar, West Ahmedabad",Multicuisine₹ 1000 for two approx.,₹ 1000 for two approx.,20% Off + 25% Off
Espresso Martini4.0,4.0,"Prahlad Nagar, West Ahmedabad","Italian, Cafe₹ 600 for two approx.",₹ 600 for two approx.,20% Off + 25% Off
Infine-By Novotel4.0,4.0,"Sarkhej, West Ahmedabad",European₹ 3000 for two approx.,₹ 3000 for two approx.,25% Off :Payeazy
Sarây By Tanoor4.8,4.8,"Bodakdev, West Ahmedabad",Middle Eastern₹ 1500 for two approx.,₹ 1500 for two approx.,25% Off :Payeazy
Fozzie's Pizzaiolo4.1,4.1,"Bodakdev, West Ahmedabad","Italian, Continental₹ 900 for two approx.",₹ 900 for two approx.,10% Off + 25% Off
Arbre4.0,4.0,"Ambli, Ahmedabad",Multicuisine₹ 1200 for two approx.,₹ 1200 for two approx.,10% Off + 25% Off
Toska 4.0,4.0,"Bodakdev, West Ahmedabad",Fast Food₹ 700 for two approx.,₹ 700 for two approx.,30% Off + 25% Off
Mehfil-E-Zaika Restaurant5.0,5.0,"Juhapura, Ahmedabad",Multicuisine₹ 800 for two approx.,₹ 800 for two approx.,10% Off + 25% Off
Tim Tim4.8,4.8,"Bodakdev, West Ahmedabad",Asian₹ 2000 for two approx.,₹ 2000 for two approx.,25% Off :Payeazy
I love Sandwich House4.0,4.0,"Bodakdev, West Ahmedabad","Cafe, Fast Food₹ 900 for two approx.",₹ 900 for two approx.,10% Off + 25% Off
Amala4.2,4.2,"Bodakdev, West Ahmedabad",Multicuisine₹ 1100 for two approx.,₹ 1100 for two approx.,10% Off + 25% Off
Hobnob Bistro4.4,4.4,"Bodakdev, West Ahmedabad","Multicuisine, Fast Food₹ 800 for two approx.",₹ 800 for two approx.,25% Off + 25% Off
FC Food Centre1.0,1.0,"Makarba, Ahmedabad",Multicuisine₹ 550 for two approx.,₹ 550 for two approx.,Free Beverages + 25% Off
Kake Di Hatti3.6,3.6,"Satellite, West Ahmedabad",North Indian₹ 1000 for two approx.,₹ 1000 for two approx.,25% Off :Payeazy
Chenab By Bhullar's 5.0,5.0,"Bodakdev, West Ahmedabad",North Indian₹ 2500 for two approx.,₹ 2500 for two approx.,10% Off + 25% Off
Oven The Bakery4.0,4.0,"Satellite, West Ahmedabad","Bakery, Cafe₹ 600 for two approx.",₹ 600 for two approx.,10% Off + 25% Off
Level 14.0,4.0,"Thaltej, West Ahmedabad","Beverages, Multicuisine₹ 1000 for two approx.",₹ 1000 for two approx.,30% Off + 25% Off
Wat A Burger!4.0,4.0,"Bodakdev, West Ahmedabad",Fast Food₹ 600 for two approx.,₹ 600 for two approx.,25% Off + 25% Off
Finch Brew Cafe4.0,4.0,"Thaltej, West Ahmedabad",Multicuisine₹ 1500 for two approx.,₹ 1500 for two approx.,25% Off + 25% Off
Baba Budan Cafe5.0,5.0,"Bodakdev, West Ahmedabad",Cafe₹ 600 for two approx.,₹ 600 for two approx.,20% Off + 25% Off
Wave4.3,4.3,DoubleTree by Hilton Ahmedabad,Multicuisine₹ 2000 for two approx.,₹ 2000 for two approx.,10% Off + 25% Off
Abi's Cafe 5.0,5.0,"Bopal, West Ahmedabad",Cafe₹ 600 for two approx.,₹ 600 for two approx.,15% Off + 25% Off
Smash Cafe4.0,4.0,"Bopal, West Ahmedabad",Fast Food₹ 500 for two approx.,₹ 500 for two approx.,15% Off + 25% Off
Java+ 4.0,4.0,"Le Meriden, Ahmedabad","Coffee, Fast Food₹ 1000 for two approx.",₹ 1000 for two approx.,15% Off + 25% Off
Herbs on Fire4.0,4.0,Iskcon Cross Road,Multicuisine₹ 1200 for two approx.,₹ 1200 for two approx.,15% Off + 25% Off
Drift4.0,4.0,"Le Meriden, Ahmedabad","European, Modern Indian₹ 1500 for two approx.",₹ 1500 for two approx.,15% Off + 25% Off
Air Bistro5.0,5.0,"Bodakdev, West Ahmedabad",Cafe₹ 800 for two approx.,₹ 800 for two approx.,10% Off + 25% Off
Cafe Deli -Tel4.0,4.0,"Novotel, Ahmedabad",Cafe₹ 1500 for two approx.,₹ 1500 for two approx.,15% Off + 25% Off
Chai Hai Na3.8,3.8,"Bopal, West Ahmedabad",Fast Food₹ 400 for two approx.,₹ 400 for two approx.,15% Off + 25% Off
Boss Burger Brews & B.B.Q.S4.0,4.0,"Bodakdev, West Ahmedabad",American₹ 800 for two approx.,₹ 800 for two approx.,10% Off + 25% Off
11 Inch Pie4.0,4.0,"Prahlad Nagar, West Ahmedabad",Italian₹ 500 for two approx.,₹ 500 for two approx.,10% Off + 25% Off
Jalaram Khichdi Restaurant3.5,3.5,"Bopal, West Ahmedabad",Gujarati₹ 500 for two approx.,₹ 500 for two approx.,10% Off + 25% Off
Ishaara4.6,4.6,"Palladium Mall , West Ahmedabad","Beverages, Modern Indian₹ 1000 for two approx.",₹ 1000 for two approx.,25% Off + 25% Off
The Grill Street4.6,4.6,"Satellite, West Ahmedabad",Barbeque₹ 800 for two approx.,₹ 800 for two approx.,25% Off :Payeazy
Jalpaan Restaurant4.3,4.3,"Thaltej, West Ahmedabad","Beverages, Multicuisine₹ 900 for two approx.",₹ 900 for two approx.,25% Off + 25% Off
Taco Bell5.0,5.0,"Sarkhej, West Ahmedabad  | View All(5) Outlets","Tex-Mex, Mexican₹ 400 for two approx.",₹ 400 for two approx.,25% Off :Payeazy
Ashray The Restaurant	2.5,2.5,"Bodakdev, West Ahmedabad  | View All(1) Outlets",Multicuisine₹ 700 for two approx.,₹ 700 for two approx.,10% Off + 25% Off
The Eatery4.6,4.6,"Four Points by Sheraton, Ahmedabad",Multicuisine₹ 1800 for two approx.,₹ 1800 for two approx.,40% Off + 25% Off
Airi Cafe4.7,4.7,"Bodakdev, West Ahmedabad",Bakery₹ 600 for two approx.,₹ 600 for two approx.,25% Off :Payeazy
Punjab Grill4.1,4.1,"Palladium Mall , West Ahmedabad",North Indian₹ 800 for two approx.,₹ 800 for two approx.,20% Off + 25% Off
Coffee Culture4.0,4.0,"Bodakdev, West Ahmedabad  | View All(2) Outlets",Multicuisine₹ 800 for two approx.,₹ 800 for two approx.,25% Off :Payeazy
Sambar Cafe4.0,4.0,"Bodakdev, West Ahmedabad",South Indian₹ 600 for two approx.,₹ 600 for two approx.,Extra 200 EazyPoints + 25% Off
Khana Khazana4.0,4.0,"Hotel Inder Residency, Ahmedabad",North Indian₹ 1200 for two approx.,₹ 1200 for two approx.,30% Off + 25% Off
Crazy Plant Lady- A Plant Boutique Cafe4.0,4.0,"Bodakdev, West Ahmedabad  | View All(2) Outlets",Continental₹ 1000 for two approx.,₹ 1000 for two approx.,25% Off :Payeazy
Kuro4.3,4.3,Renaissance Ahmedabad Hotel,Pan Asian₹ 1200 for two approx.,₹ 1200 for two approx.,25% Off + 25% Off
Virasat-E-curry4.8,4.8,"Bodakdev, West Ahmedabad",North Indian₹ 1100 for two approx.,₹ 1100 for two approx.,15% Off + 25% Off
Esencia Restaurant & Banquet4.0,4.0,"Bopal, West Ahmedabad",North Indian₹ 1200 for two approx.,₹ 1200 for two approx.,30% Off + 25% Off
TG’s The Oriental Grill 4.3,4.3,"Hyatt, Ahmedabad",Multicuisine₹ 2500 for two approx.,₹ 2500 for two approx.,25% Off + 25% Off
Nomad Experience4.0,4.0,"C G Road, West Ahmedabad",Pizza₹ 2000 for two approx.,₹ 2000 for two approx.,40% Off + 25% Off
Bluez Garden Cafe & Restaurant4.0,4.0,"Bopal, West Ahmedabad",Multicuisine₹ 1000 for two approx.,₹ 1000 for two approx.,40% Off + 25% Off
Bellasen Bistro4.6,4.6,"Bodakdev, West Ahmedabad",Multicuisine₹ 2000 for two approx.,₹ 2000 for two approx.,25% Off + 25% Off
Angithi A Pure Veg Restaurant By Mirch Masala 5.0,5.0,"Bodakdev, West Ahmedabad",North Indian₹ 1400 for two approx.,₹ 1400 for two approx.,15% Off + 25% Off
Artisan4.3,4.3,"Navrangpura, West Ahmedabad",Multicuisine₹ 1200 for two approx.,₹ 1200 for two approx.,30% Off + 25% Off
Tres Amigos4.2,4.2,"Thaltej, West Ahmedabad",Mexican₹ 1000 for two approx.,₹ 1000 for two approx.,10% Off + 25% Off
Z27 Coffee Bar4.0,4.0,"Thaltej, West Ahmedabad",Multicuisine₹ 1200 for two approx.,₹ 1200 for two approx.,15% Off + 25% Off
Cafe 1st Story- Fairfield By Marriott4.3,4.3,Fairfield by Marriott Ahmedabad,Multicuisine₹ 1200 for two approx.,₹ 1200 for two approx.,30% Off + 25% Off
Cafe Padmanabham5.0,5.0,"Vastrapur, West Ahmedabad",Fast Food₹ 400 for two approx.,₹ 400 for two approx.,15% Off + 25% Off
Umami by Curries4.0,4.0,"Ambavadi, West Ahmedabad",Multicuisine₹ 1200 for two approx.,₹ 1200 for two approx.,15% Off + 25% Off
Sankalp Signature4.3,4.3,"Thaltej, West Ahmedabad",South Indian₹ 1200 for two approx.,₹ 1200 for two approx.,10% Off + 25% Off
Kovallam Restaurant: The South Indian Kitchen4.5,4.5,"Satellite, West Ahmedabad  | View All(3) Outlets",South Indian₹ 700 for two approx.,₹ 700 for two approx.,10% Off + 25% Off
Dheemi Aanch4.7,4.7,"Bodakdev, West Ahmedabad",Multicuisine₹ 850 for two approx.,₹ 850 for two approx.,10% Off + 25% Off
Dosawala 5.0,5.0,"Sola, West Ahmedabad  | View All(3) Outlets",South Indian₹ 500 for two approx.,₹ 500 for two approx.,20% Off + 25% Off
DosBros Fresh Mexican Grill4.0,4.0,"Thaltej, West Ahmedabad",Mexican₹ 1000 for two approx.,₹ 1000 for two approx.,30% Off + 25% Off
CHA4.4,4.4,"Palladium Mall, Thaltej",Pan Asian₹ 1450 for two approx.,₹ 1450 for two approx.,20% Off + 25% Off
Varietea- Science City4.0,4.0,"Sola, West Ahmedabad","Cafe, Italian₹ 1000 for two approx.",₹ 1000 for two approx.,20% Off + 25% Off
Peshawri3.2,3.2,"ITC Narmada, a Luxury Collection Hotel, Ahmedabad",Indian₹ 2500 for two approx.,₹ 2500 for two approx.,10% Off + 25% Off
Timpani4.2,4.2,"Radisson Blu, Ahmedabad",Multicuisine₹ 1600 for two approx.,₹ 1600 for two approx.,30% Off + 25% Off
Dakshin Bhojnam4.2,4.2,"Nikol, East Ahmedabad  | View All(3) Outlets",South Indian₹ 600 for two approx.,₹ 600 for two approx.,10% Off + 25% Off
Agashiye 4.6,4.6,"The House of MG, Central Ahmedabad",Gujarati₹ 2000 for two approx.,₹ 2000 for two approx.,10% Off + 25% Off
Sale & Pepe - Ristorante Italiano4.0,4.0,"Shela, Bopal  | View All(3) Outlets",Italian₹ 1500 for two approx.,₹ 1500 for two approx.,15% Off + 25% Off
Riviera Restaurant4.5,4.5,"Ashram Road, Central Ahmedabad",Multicuisine₹ 600 for two approx.,₹ 600 for two approx.,25% Off + 25% Off
Pol 214.2,4.2,"Thaltej, West Ahmedabad","Chinese, Indian₹ 1200 for two approx.",₹ 1200 for two approx.,50% Off + 25% Off
Sankalp4.3,4.3,"Sola, West Ahmedabad  | View All(14) Outlets",South Indian₹ 600 for two approx.,₹ 600 for two approx.,15% Off + 25% Off
Beeji Punjabi Restaurant & Banquets5.0,5.0,"Naroda, East Ahmedabad","North Indian, Asian₹ 1000 for two approx.",₹ 1000 for two approx.,25% Off + 25% Off
Cray Craft4.4,4.4,"Andheri East, Western Suburbs","Chinese, Indian₹ 2000 for two approx.",₹ 2000 for two approx.,25% Off
Kitty Su2.3,2.3,"The Lalit, Mumbai","Drinks Only, Finger Food, Cocktail Menu₹ 2000 for two approx.",₹ 2000 for two approx.,25% Off
Novaara4.1,4.1,"Malad West, Western Suburbs",Multicuisine₹ 1800 for two approx.,₹ 1800 for two approx.,25% Off
Luuma House4.7,4.7,"Juhu, Western Suburbs","Japanese, Chinese₹ 2000 for two approx.",₹ 2000 for two approx.,25% Off
The Tanjore Tiffin Room4.5,4.5,"Khar, Western Suburbs  | View All(3) Outlets",Tamil Nadu₹ 1500 for two approx.,₹ 1500 for two approx.,25% Off
The Caravan Menu4.5,4.5,"Panch Pakhadi, Thane West",Multicuisine₹ 2600 for two approx.,₹ 2600 for two approx.,25% Off
Baliboo4.2,4.2,"Goregaon East, Western Suburbs",Multicuisine₹ 1800 for two approx.,₹ 1800 for two approx.,25% Off
Eve4.7,4.7,"Worli, South Mumbai  | View All(3) Outlets",Multicuisine₹ 2500 for two approx.,₹ 2500 for two approx.,25% Off
Gigi4.1,4.1,"Bandra West, Western Suburbs","Japanese, European₹ 3100 for two approx.",₹ 3100 for two approx.,25% Off
La Panthera4.6,4.6,"Bandra Kurla Complex (BKC), Western Suburbs",European₹ 4000 for two approx.,₹ 4000 for two approx.,25% Off
Si Nonna's - The Original Sourdough Pizza4.6,4.6,"Bandra Kurla Complex (BKC), Western Suburbs  | View All(3) Outlets",Italian₹ 1700 for two approx.,₹ 1700 for two approx.,25% Off
Mahesh Lunch Home4.5,4.5,"Juhu, Western Suburbs  | View All(5) Outlets",Indian Coastal Cuisine₹ 1200 for two approx.,₹ 1200 for two approx.,25% Off
Butterfly High4.7,4.7,"Vikhroli, Central Mumbai  | View All(6) Outlets",Multicuisine₹ 3000 for two approx.,₹ 3000 for two approx.,25% Off
Alfredo's4.4,4.4,"Hotel King's International, Mumbai  | View All(3) Outlets",Continental₹ 1500 for two approx.,₹ 1500 for two approx.,25% Off
Amelia4.6,4.6,"Bandra Kurla Complex (BKC), Western Suburbs",Modern European₹ 3000 for two approx.,₹ 3000 for two approx.,25% Off
On Toes Restaurant4.4,4.4,"Juhu, Western Suburbs  | View All(1) Outlets",Multicuisine₹ 1200 for two approx.,₹ 1200 for two approx.,25% Off
Golden Delicacy Restaurant & Banquets3.5,3.5,"Malad West, Western Suburbs",Multicuisine₹ 1000 for two approx.,₹ 1000 for two approx.,25% Off
Blabber All Day4.8,4.8,"Borivali East, Western Suburbs","Continental, Asian₹ 1500 for two approx.",₹ 1500 for two approx.,25% Off
Ode4.7,4.7,"Worli, South Mumbai",European₹ 3000 for two approx.,₹ 3000 for two approx.,25% Off
The Coconut Boy3.4,3.4,"Bandra West, Western Suburbs",Goan₹ 1200 for two approx.,₹ 1200 for two approx.,25% Off
Papa Pancho da Dhaba4.5,4.5,"Bandra West, Western Suburbs",North Indian₹ 800 for two approx.,₹ 800 for two approx.,25% Off
On Toes Pub4.8,4.8,"Juhu, Western Suburbs",Multicuisine₹ 1200 for two approx.,₹ 1200 for two approx.,25% Off
Ditas4.5,4.5,"Lower Parel, South Mumbai",European₹ 2500 for two approx.,₹ 2500 for two approx.,25% Off
Khyber4.4,4.4,"Fort, South Mumbai  | View All(1) Outlets","Mughlai, North Indian₹ 2500 for two approx.",₹ 2500 for two approx.,25% Off
Ekaa4.5,4.5,"Fort, South Mumbai",Modern Indian₹ 4000 for two approx.,₹ 4000 for two approx.,25% Off
Green Leaf Restaurant & Lounge - Thane3.6,3.6,"Ghodbunder Road, Thane Region",Multicuisine₹ 1500 for two approx.,₹ 1500 for two approx.,25% Off
Mirage4.2,4.2,"Krishna Curve, Juhu garden","Japanese, Asian₹ 3500 for two approx.",₹ 3500 for two approx.,25% Off
The Nest4.2,4.2,"Bandra West, Western Suburbs",Multicuisine₹ 1800 for two approx.,₹ 1800 for two approx.,25% Off
Taj Mahal Tea House4.6,4.6,"Bandra West, Western Suburbs",Multicuisine₹ 1800 for two approx.,₹ 1800 for two approx.,25% Off
Los Cavos4.5,4.5,"Bandra West, Western Suburbs",Peruvian₹ 2000 for two approx.,₹ 2000 for two approx.,25% Off
PCO4.4,4.4,"Lower Parel, South Mumbai",Multicuisine₹ 3000 for two approx.,₹ 3000 for two approx.,10% Off + 25% Off
The Fuchsia Loft5.0,5.0,"Hotel King's International, Mumbai",North Indian₹ 1800 for two approx.,₹ 1800 for two approx.,25% Off
Cacao- A Restrobar4.0,4.0,"Aralia International Airport, Mumbai","Mexican, Indian, Italian₹ 1200 for two approx.",₹ 1200 for two approx.,30% Off + 25% Off
Heritage Kitchen & Bar3.6,3.6,"Andheri East, Western Suburbs",Multicuisine₹ 1000 for two approx.,₹ 1000 for two approx.,20% Off + 25% Off
Fusion Ville4.2,4.2,"Marol, Central Mumbai",Multicuisine₹ 1200 for two approx.,₹ 1200 for two approx.,25% Off + 25% Off
Zytun- The Restaurant4.3,4.3,"Hotel Metropolis, Mumbai",Multicuisine₹ 1200 for two approx.,₹ 1200 for two approx.,25% Off + 25% Off
Uttam Da Dhaba4.3,4.3,"Marol, Central Mumbai",South Indian₹ 1200 for two approx.,₹ 1200 for two approx.,10% Off + 25% Off
The Brasserie BY HILTON MUMBAI 4.2,4.2,"Hilton Mumbai International Airport, Mumbai",Multicuisine₹ 2200 for two approx.,₹ 2200 for two approx.,50% Off + 25% Off
Fly Kitchen and Bar1.0,1.0,"Andheri East, Western Suburbs",Multicuisine₹ 1700 for two approx.,₹ 1700 for two approx.,20% Off + 25% Off
Dhaba5.0,5.0,"Marol, Central Mumbai",Multicuisine₹ 800 for two approx.,₹ 800 for two approx.,10% Off + 25% Off
190 AMSL By Novotel4.8,4.8,Novotel Mumbai International Airport,"Asian, Continental₹ 995 for two approx.",₹ 995 for two approx.,50% Off + 25% Off
Gallery Cafe4.3,4.3,Radisson Mumbai Andheri MIDC,Multicuisine₹ 2500 for two approx.,₹ 2500 for two approx.,55% Off + 25% Off
Castor4.2,4.2,"Andheri East, Western Suburbs",Multicuisine₹ 1200 for two approx.,₹ 1200 for two approx.,40% Off + 25% Off
Gourmet Bar By Novotel4.8,4.8,Novotel Mumbai International Airport,Modern Indian₹ 2500 for two approx.,₹ 2500 for two approx.,30% Off + 25% Off
Food Exchange By Novotel4.3,4.3,Novotel Mumbai International Airport,Multicuisine₹ 2000 for two approx.,₹ 2000 for two approx.,30% Off + 25% Off
Mado Mado4.3,4.3,Fairfield by Marriott Mumbai International Airport,Multicuisine₹ 3000 for two approx.,₹ 3000 for two approx.,50% Off + 25% Off
Fiona4.2,4.2,Radisson Blu Mumbai International Airport,"Cocktail Menu, Multicuisine₹ 3000 for two approx.",₹ 3000 for two approx.,50% Off + 25% Off
MoMo Cafe4.3,4.3,Courtyard Mumbai International Airport,Multicuisine₹ 3000 for two approx.,₹ 3000 for two approx.,30% Off + 25% Off
24/7 Restaurant4.4,4.4,"The Lalit, Mumbai",Multicuisine₹ 3500 for two approx.,₹ 3500 for two approx.,25% Off + 25% Off
IC BY HILTON MUMBAI 4.5,4.5,"Hilton Mumbai International Airport, Mumbai",Pan Asian₹ 1800 for two approx.,₹ 1800 for two approx.,30% Off + 25% Off
Ummrao4.4,4.4,Courtyard Mumbai International Airport,Indian₹ 1500 for two approx.,₹ 1500 for two approx.,30% Off + 25% Off
Navya4.5,4.5,"The Regale by Tunga, Mumbai",Multicuisine₹ 850 for two approx.,₹ 850 for two approx.,25% Off + 25% Off
Saptami4.4,4.4,"Holiday Inn Mumbai International Airport, Mumbai",Multicuisine₹ 2000 for two approx.,₹ 2000 for two approx.,50% Off + 25% Off
Bisou3.5,3.5,Fairfield by Marriott Mumbai International Airport,"Finger Food, Cocktail Menu₹ 2000 for two approx.",₹ 2000 for two approx.,30% Off + 25% Off
The Finch4.3,4.3,"Andheri East, Western Suburbs",Multicuisine₹ 1600 for two approx.,₹ 1600 for two approx.,25% Off + 25% Off
Thai Naam4.7,4.7,"The Orb, Andheri East","Thai, Pan Asian₹ 3000 for two approx.",₹ 3000 for two approx.,25% Off + 25% Off
SPICE OASIS4.1,4.1,"IRA BY ORCHID HOTELS, Mumbai",Multicuisine₹ 1200 for two approx.,₹ 1200 for two approx.,25% Off + 25% Off
Baluchi4.4,4.4,"The Lalit, Mumbai",North Indian₹ 3500 for two approx.,₹ 3500 for two approx.,25% Off + 25% Off
Lake View Cafe4.4,4.4,The Westin Mumbai Powai Lake,Multicuisine₹ 3000 for two approx.,₹ 3000 for two approx.,20% Off + 25% Off
ARC Powai4.6,4.6,"Powai, Central Mumbai",Multicuisine₹ 1500 for two approx.,₹ 1500 for two approx.,25% Off + 25% Off
The Great Wall4.8,4.8,"The Leela, Mumbai",Chinese₹ 3200 for two approx.,₹ 3200 for two approx.,25% Off + 25% Off
British Brewing Company4.1,4.1,"Marol, Central Mumbai  | View All(7) Outlets","Multicuisine, Cocktail Menu₹ 1500 for two approx.",₹ 1500 for two approx.,30% Off + 25% Off
Jw Lounge5.0,5.0,"JW Marriott Mumbai Sahar, Mumbai",Cocktail Menu₹ 3500 for two approx.,₹ 3500 for two approx.,25% Off + 25% Off
Rodeo Drive4.0,4.0,"Hotel Peninsula Redpine, Mumbai","Italian, Mexican₹ 1800 for two approx.",₹ 1800 for two approx.,25% Off + 25% Off
Lounge Bar BY HILTON MUMBAI 4.1,4.1,"Hilton Mumbai International Airport, Mumbai","Cocktail Menu, Finger Food₹ 2000 for two approx.",₹ 2000 for two approx.,30% Off + 25% Off
Mayouchi4.5,4.5,The Westin Mumbai Powai Lake,"oriental, Japanese₹ 2000 for two approx.",₹ 2000 for two approx.,25% Off + 25% Off
Nawab Saheb4.4,4.4,The Westin Mumbai Powai Lake,Awadhi₹ 5000 for two approx.,₹ 5000 for two approx.,25% Off + 25% Off
Rhythm4.4,4.4,"The Beatle, Mumbai",Multicuisine₹ 1000 for two approx.,₹ 1000 for two approx.,25% Off + 25% Off
Episode One4.3,4.3,"Powai, Central Mumbai  | View All(1) Outlets",Finger Food₹ 1400 for two approx.,₹ 1400 for two approx.,25% Off + 25% Off
Ice Cream Works Gold4.0,4.0,"Powai, Central Mumbai  | View All(3) Outlets","Desserts, Ice Cream₹ 400 for two approx.",₹ 400 for two approx.,25% Off + 25% Off
SMOOR4.6,4.6,"Powai, Central Mumbai  | View All(2) Outlets",European₹ 600 for two approx.,₹ 600 for two approx.,10% Off + 25% Off
72 Bar4.3,4.3,"Holiday Inn Mumbai International Airport, Mumbai","Finger Food, Cocktail Menu₹ 2000 for two approx.",₹ 2000 for two approx.,50% Off + 25% Off
Turkey Central4.0,4.0,"Sakinaka, Central Mumbai",Mughlai₹ 700 for two approx.,₹ 700 for two approx.,15% Off + 25% Off
Roots Of India4.5,4.5,"Marol, Central Mumbai",Multicuisine₹ 1200 for two approx.,₹ 1200 for two approx.,15% Off + 25% Off
JW Cafe4.5,4.5,"JW Marriott Mumbai Sahar, Mumbai",Multicuisine₹ 4000 for two approx.,₹ 4000 for two approx.,25% Off + 25% Off
Teatro Restaurant & Bar4.0,4.0,"Andheri East, Western Suburbs",Multicuisine₹ 1000 for two approx.,₹ 1000 for two approx.,10% Off + 25% Off
Angrezi Dhaba3.8,3.8,"Andheri East, Western Suburbs  | View All(8) Outlets","Indian, Cocktail Menu₹ 1100 for two approx.",₹ 1100 for two approx.,10% Off + 25% Off
Banjara4.1,4.1,"Goldfinch Hotel, Mumbai  | View All(1) Outlets",Multicuisine₹ 2500 for two approx.,₹ 2500 for two approx.,55% Off + 25% Off
Asia Kitchen By Mainland China4.4,4.4,"Sakinaka, Central Mumbai  | View All(4) Outlets",Pan Asian₹ 1200 for two approx.,₹ 1200 for two approx.,20% Off + 25% Off
Citrus4.4,4.4,"The Leela, Mumbai",European₹ 3000 for two approx.,₹ 3000 for two approx.,25% Off + 25% Off
Gurukripa4.5,4.5,"Powai, Central Mumbai",Indian₹ 1400 for two approx.,₹ 1400 for two approx.,10% Off + 25% Off
Malhar Tribes4.5,4.5,"Marol, Central Mumbai",Multicuisine₹ 1600 for two approx.,₹ 1600 for two approx.,10% Off + 25% Off
Beluga5.0,5.0,"The Lalit, Mumbai","Finger Food, Cocktail Menu₹ 2500 for two approx.",₹ 2500 for two approx.,25% Off + 25% Off
Apna Dhaba3.4,3.4,"Chakala, Andheri East, Western Suburbs",North Indian₹ 800 for two approx.,₹ 800 for two approx.,10% Off + 25% Off
Amma's Restaurant & Bar3.1,3.1,"Andheri East, Western Suburbs",Multicuisine₹ 1000 for two approx.,₹ 1000 for two approx.,15% Off + 25% Off
Peshawri4.4,4.4,"ITC Maratha, Mumbai","Indian, North West Frontier₹ 4000 for two approx.",₹ 4000 for two approx.,25% Off :Payeazy
HITCHKI4.5,4.5,"Powai, Central Mumbai  | View All(7) Outlets",Modern Indian₹ 1200 for two approx.,₹ 1200 for two approx.,15% Off + 25% Off
Tattva Bar & Cafe Mumbai4.5,4.5,"Hotel Peninsula Redpine, Mumbai","Cocktail Menu, Multicuisine₹ 1800 for two approx.",₹ 1800 for two approx.,15% Off + 25% Off
Berlin Brew4.9,4.9,"Marol, Central Mumbai",Multicuisine₹ 1000 for two approx.,₹ 1000 for two approx.,15% Off + 25% Off
Crimson5.0,5.0,"Marriott Executive Apartments, Powai",Multicuisine₹ 2000 for two approx.,₹ 2000 for two approx.,20% Off + 25% Off
Aroma Street4.8,4.8,"Hotel Le Grande, Mumbai",Multicuisine₹ 600 for two approx.,₹ 600 for two approx.,20% Off + 25% Off
Lord Of The Drinks4.3,4.3,"Powai, Central Mumbai  | View All(4) Outlets","Cocktail Menu, Multicuisine₹ 1500 for two approx.",₹ 1500 for two approx.,10% Off + 25% Off
Global Coffee House & Eatery4.0,4.0,"Bloom Hotel - Saki Vihar, Powai  | View All(2) Outlets",Multicuisine₹ 2500 for two approx.,₹ 2500 for two approx.,40% Off + 25% Off
OKO4.0,4.0,"The Lalit, Mumbai",Pan Asian₹ 4000 for two approx.,₹ 4000 for two approx.,25% Off + 25% Off
The Sassy Spoon4.5,4.5,"Powai, Central Mumbai  | View All(2) Outlets","American, Italian, Mediterranean, Modern Indian, Asian, Continental, Beverages, Desserts, European, Healthy Food₹ 1800 for two approx.",₹ 1800 for two approx.,20% Off + 25% Off
The Stables 4.2,4.2,"Hotel Peninsula Redpine, Mumbai","Multicuisine, Cocktail Menu₹ 1500 for two approx.",₹ 1500 for two approx.,15% Off + 25% Off
The Tipsy Tiger Garden Bar.4.8,4.8,"Andheri East, Western Suburbs",Asian₹ 1100 for two approx.,₹ 1100 for two approx.,20% Off + 25% Off
The Hedonist 5.0,5.0,"Fairmont, Vile Parle, Mumbai","Cocktail Menu, Finger Food₹ 3000 for two approx.",₹ 3000 for two approx.,25% Off + 25% Off
Something's Fishy4.6,4.6,"Tunga International, Mumbai  | View All(2) Outlets",Seafood₹ 1700 for two approx.,₹ 1700 for two approx.,10% Off + 25% Off
Black Bull Cafe & Bar4.8,4.8,"Powai, Central Mumbai  | View All(2) Outlets","Chinese, Indian₹ 1300 for two approx.",₹ 1300 for two approx.,25% Off + 25% Off
House Of Asia3.7,3.7,"Hotel Mirador, Mumbai",Pan Asian₹ 2500 for two approx.,₹ 2500 for two approx.,25% Off + 25% Off
Pickle & Pint4.5,4.5,"The Paradise By Tunga, Mumbai","Cocktail Menu, Multicuisine₹ 1400 for two approx.",₹ 1400 for two approx.,15% Off + 25% Off
Toast - Bistro & Bar4.4,4.4,"Marol, Central Mumbai","Finger Food, Cocktail Menu₹ 2000 for two approx.",₹ 2000 for two approx.,20% Off + 25% Off
Bayroute4.6,4.6,"Powai, Central Mumbai  | View All(6) Outlets","Mediterranean, Cocktail Menu₹ 3000 for two approx.",₹ 3000 for two approx.,25% Off :Payeazy
Fame Garden Prive4.3,4.3,"Powai, Central Mumbai",European₹ 2500 for two approx.,₹ 2500 for two approx.,20% Off + 25% Off
Tipsy Monkee4.0,4.0,"Andheri East, Western Suburbs",Multicuisine₹ 1200 for two approx.,₹ 1200 for two approx.,25% Off + 25% Off
Knotty Yard4.0,4.0,"Powai, Central Mumbai","Italian, Cocktail Menu₹ 1500 for two approx.",₹ 1500 for two approx.,15% Off + 25% Off
Global Fusion4.5,4.5,"Marol, Central Mumbai  | View All(5) Outlets",Pan Asian₹ 3000 for two approx.,₹ 3000 for two approx.,10% Off + 25% Off
Club Vegas5.0,5.0,"Andheri East, Western Suburbs",Indian₹ 1200 for two approx.,₹ 1200 for two approx.,35% Off + 25% Off
Ark 2.04.8,4.8,Courtyard Mumbai International Airport,"Finger Food, Cocktail Menu₹ 3500 for two approx.",₹ 3500 for two approx.,40% Off + 25% Off
Just Kerala4.6,4.6,"Chakala, Andheri East, Western Suburbs",Kerala₹ 850 for two approx.,₹ 850 for two approx.,10% Off + 25% Off
Madeleine De Proust5.0,5.0,"Fairmont, Vile Parle, Mumbai",Multicuisine₹ 2000 for two approx.,₹ 2000 for two approx.,25% Off + 25% Off
China Gate4.8,4.8,"Sakinaka, Central Mumbai  | View All(7) Outlets",Chinese₹ 1500 for two approx.,₹ 1500 for two approx.,25% Off + 25% Off
Six Degrees5.0,5.0,"The Leela, Mumbai","Finger Food, Cocktail Menu₹ 5000 for two approx.",₹ 5000 for two approx.,15% Off + 25% Off
ChimiChurri4.5,4.5,"Marol, Central Mumbai  | View All(5) Outlets",Cocktail Menu₹ 1700 for two approx.,₹ 1700 for two approx.,25% Off :Payeazy
Fisherman's Cove - Taste On Palate4.3,4.3,"Chandivali, Central Mumbai","Seafood, Multicuisine₹ 800 for two approx.",₹ 800 for two approx.,15% Off + 25% Off
Romano's4.6,4.6,"JW Marriott Mumbai Sahar, Mumbai",Italian₹ 4000 for two approx.,₹ 4000 for two approx.,25% Off + 25% Off
Cinnamon4.5,4.5,"Hotel Suba International, Mumbai",Multicuisine₹ 1500 for two approx.,₹ 1500 for two approx.,30% Off + 25% Off
Foo Powai4.5,4.5,"Powai, Central Mumbai  | View All(8) Outlets","Chinese, Asian₹ 2000 for two approx.",₹ 2000 for two approx.,25% Off :Payeazy
Machhli (Flavors of the Sea)4.0,4.0,"Andheri East, Western Suburbs",Seafood₹ 600 for two approx.,₹ 600 for two approx.,15% Off + 25% Off
Bikkgane Biryani4.0,4.0,"Andheri East, Western Suburbs",Mughlai₹ 700 for two approx.,₹ 700 for two approx.,15% Off + 25% Off
The Barn Grill5.0,5.0,"Andheri East, Western Suburbs",American₹ 1000 for two approx.,₹ 1000 for two approx.,10% Off + 25% Off
The Earth Plate - Global Cuisine 4.3,4.3,"Sahara Star, Mumbai",Multicuisine₹ 4500 for two approx.,₹ 4500 for two approx.,30% Off + 25% Off
AB's - Absolute Barbecues4.6,4.6,"Powai, Central Mumbai  | View All(2) Outlets","Barbeque, Multicuisine₹ 1850 for two approx.",₹ 1850 for two approx.,Special Buffet + 25% Off
Oryn5.0,5.0,"Fairmont, Vile Parle, Mumbai",Chinese₹ 5000 for two approx.,₹ 5000 for two approx.,25% Off + 25% Off
Toss & Sipp5.0,5.0,"Powai, Central Mumbai","Cocktail Menu, Multicuisine₹ 1000 for two approx.",₹ 1000 for two approx.,25% Off + 25% Off
Bekal House4.0,4.0,"Marol, Central Mumbai","South Indian, Mangalorean₹ 1200 for two approx.",₹ 1200 for two approx.,15% Off + 25% Off
TAP 4.0,4.0,"Sakinaka, Central Mumbai  | View All(5) Outlets",Multicuisine₹ 1400 for two approx.,₹ 1400 for two approx.,15% Off + 25% Off
Avartana5.0,5.0,"ITC Maratha, Mumbai",Indian₹ 5000 for two approx.,₹ 5000 for two approx.,10% Off + 25% Off
Pop Tate's4.6,4.6,"Marol, Central Mumbai  | View All(32) Outlets",Multicuisine₹ 2000 for two approx.,₹ 2000 for two approx.,10% Off + 25% Off
Whats Your Plan ?4.7,4.7,"Sakinaka, Central Mumbai","Multicuisine, Asian₹ 1600 for two approx.",₹ 1600 for two approx.,25% Off + 25% Off
iaa by Tunga4.8,4.8,"Tunga International, Mumbai",Indian₹ 1200 for two approx.,₹ 1200 for two approx.,10% Off + 25% Off
Peshwa Pavilion4.4,4.4,"ITC Maratha, Mumbai",Multicuisine₹ 4000 for two approx.,₹ 4000 for two approx.,10% Off + 25% Off
Indriya Mishran5.0,5.0,"Andheri East, Western Suburbs",Multicuisine₹ 1600 for two approx.,₹ 1600 for two approx.,10% Off + 25% Off
The Merchants5.0,5.0,"Fairmont, Vile Parle, Mumbai",Multicuisine₹ 6000 for two approx.,₹ 6000 for two approx.,25% Off + 25% Off
The Sassy Spoon4.5,4.5,"Koregaon Park, Pune","Continental, Italian, Mediterranean, Modern Indian, Asian, Desserts, European, Healthy Food, Beverages, American₹ 1800 for two approx.",₹ 1800 for two approx.,25% Off
Hotel Madhav Pure Veg5.0,5.0,"Sangamvadi, Pune","North Indian, Chinese₹ 1000 for two approx.",₹ 1000 for two approx.,25% Off :Payeazy
Mazdana4.5,4.5,"Camp Area, Pune",Multicuisine₹ 1000 for two approx.,₹ 1000 for two approx.,10% Off + 25% Off
Acai 4.2,4.2,"Dhole Patil Road, Pune",Multicuisine₹ 1500 for two approx.,₹ 1500 for two approx.,15% Off + 25% Off
Evviva3.9,3.9,"Crowne Plaza Pune City Centre, Pune","Finger Food, Cocktail Menu₹ 2500 for two approx.",₹ 2500 for two approx.,50% Off + 25% Off
Kiki5.0,5.0,"The Mills, Bund Garden Road, Pune",Multicuisine₹ 1500 for two approx.,₹ 1500 for two approx.,20% Off + 25% Off
Millers - The Luxury Club4.8,4.8,"Bund Garden Road, Pune",Multicuisine₹ 1800 for two approx.,₹ 1800 for two approx.,20% Off + 25% Off
Mosaic4.2,4.2,"Crowne Plaza Pune City Centre, Pune","Multicuisine, All Day Dining₹ 1500 for two approx.",₹ 1500 for two approx.,20% Off + 25% Off
Kukoo5.0,5.0,"Sangamvadi, Pune",Multicuisine₹ 1800 for two approx.,₹ 1800 for two approx.,20% Off + 25% Off
Feast4.6,4.6,"Sheraton Grand Pune Bund Garden Hotel, Pune",Multicuisine₹ 3000 for two approx.,₹ 3000 for two approx.,25% Off + 25% Off
Epitome 2.1,2.1,"The Mills, Bund Garden Road, Pune",Multicuisine₹ 1800 for two approx.,₹ 1800 for two approx.,10% Off + 25% Off
Ba Da Bom4.5,4.5,"Sangamvadi, Pune",Korean₹ 1500 for two approx.,₹ 1500 for two approx.,15% Off + 25% Off
Mahesh Lunch Home4.3,4.3,"Camp Area, Pune  | View All(2) Outlets",Seafood₹ 1400 for two approx.,₹ 1400 for two approx.,10% Off + 25% Off
Zanzibar4.8,4.8,The Central Park Hotel,"Cocktail Menu, Multicuisine₹ 1100 for two approx.",₹ 1100 for two approx.,25% Off :Payeazy
Time After Time3.5,3.5,The Central Park Hotel,"European, Multicuisine₹ 1400 for two approx.",₹ 1400 for two approx.,25% Off :Payeazy
Mirage4.0,4.0,"Sangamvadi, Pune",Pan Asian₹ 2000 for two approx.,₹ 2000 for two approx.,25% Off :Payeazy
Shahji's Paratha House4.0,4.0,"Dhole Patil Road, Pune",North Indian₹ 800 for two approx.,₹ 800 for two approx.,25% Off :Payeazy
Publiq4.2,4.2,"Koregaon Park, Pune  | View All(3) Outlets",Multicuisine₹ 1400 for two approx.,₹ 1400 for two approx.,30% Off + 25% Off
Tim Luck Luck4.2,4.2,"East Street, Pune","Chinese, North Indian, Cocktail Menu₹ 1000 for two approx.",₹ 1000 for two approx.,15% Off + 25% Off
Coriander Kitchen4.5,4.5,"Conrad Pune, Pune","North Indian, Multicuisine, Asian, Desserts, Mediterranean, Salad₹ 3400 for two approx.",₹ 3400 for two approx.,20% Off + 25% Off
German Bakery4.7,4.7,"Koregaon Park, Pune  | View All(5) Outlets",Cafe₹ 600 for two approx.,₹ 600 for two approx.,10% Off + 25% Off
Al Di La4.4,4.4,"Conrad Pune, Pune",Italian₹ 5200 for two approx.,₹ 5200 for two approx.,15% Off + 25% Off
Malaka Spice4.5,4.5,"Koregaon Park, Pune  | View All(2) Outlets","Pan Asian, oriental₹ 1600 for two approx.",₹ 1600 for two approx.,10% Off + 25% Off
Mood Drums1.0,1.0,"Hinjawadi, Pune",Multicuisine₹ 1000 for two approx.,₹ 1000 for two approx.,50% Off + 25% Off
Yolo Gastro Lounge3.8,3.8,"Spot 18 Mall, Pimple Saudagar",Multicuisine₹ 1800 for two approx.,₹ 1800 for two approx.,55% Off + 25% Off
SMOOR4.5,4.5,"Koregaon Park, Pune",European₹ 600 for two approx.,₹ 600 for two approx.,10% Off + 25% Off
QORA - Cocktail Bar & Kitchen4.1,4.1,"Koregaon Park, Pune",Asian₹ 1500 for two approx.,₹ 1500 for two approx.,25% Off + 25% Off
OleOle | The Luxury Bar5.0,5.0,"Baner, Pune","Cocktail Menu, Multicuisine₹ 1500 for two approx.",₹ 1500 for two approx.,50% Off + 25% Off
Prem's4.9,4.9,"Koregaon Park, Pune  | View All(2) Outlets",Multicuisine₹ 1600 for two approx.,₹ 1600 for two approx.,15% Off + 25% Off
Sante Spa Cuisine4.6,4.6,"1st Lane, Koregaon Park, Pune  | View All(2) Outlets","Healthy Food, Vegan₹ 1000 for two approx.",₹ 1000 for two approx.,10% Off + 25% Off
Grandmama's Cafe4.7,4.7,"Koregaon Park, Pune","Cafe, Multicuisine₹ 1600 for two approx.",₹ 1600 for two approx.,10% Off + 25% Off
Jubilee 4.0,4.0,"Koregaon Park, Pune","Cafe, Desserts₹ 1000 for two approx.",₹ 1000 for two approx.,20% Off + 25% Off
Thyme & Whisk4.3,4.3,"Koregaon Park, Pune",Multicuisine₹ 1000 for two approx.,₹ 1000 for two approx.,25% Off :Payeazy
Koji4.6,4.6,"Conrad Pune, Pune",Pan Asian₹ 4000 for two approx.,₹ 4000 for two approx.,15% Off + 25% Off
one8 Commune4.5,4.5,"Koregaon Park, Pune",Multicuisine₹ 1500 for two approx.,₹ 1500 for two approx.,25% Off :Payeazy
Pimlico3.4,3.4,"Koregaon Park, Pune  | View All(3) Outlets",Multicuisine₹ 1500 for two approx.,₹ 1500 for two approx.,25% Off :Payeazy
Asia Kitchen By Mainland China4.6,4.6,"Dhole Patil Road, Pune  | View All(4) Outlets",Chinese₹ 1200 for two approx.,₹ 1200 for two approx.,15% Off + 25% Off
Kabana4.6,4.6,"Conrad Pune, Pune","European, Cafe₹ 3000 for two approx.",₹ 3000 for two approx.,20% Off + 25% Off
Little Italy 4.5,4.5,"Bund Garden Road, Pune  | View All(4) Outlets","Italian, Mexican₹ 1200 for two approx.",₹ 1200 for two approx.,10% Off + 25% Off
18 Degrees Rooftop Resto Lounge3.2,3.2,"Spot 18 Mall, Pimple Saudagar",Multicuisine₹ 2000 for two approx.,₹ 2000 for two approx.,50% Off + 25% Off
La Magia4.3,4.3,SUNDERBAN RESORT & SPA,Italian₹ 2000 for two approx.,₹ 2000 for two approx.,10% Off + 25% Off
Zeera4.6,4.6,"Conrad Pune, Pune",Indian₹ 4000 for two approx.,₹ 4000 for two approx.,15% Off + 25% Off
Ebony3.7,3.7,"St Laurn Business Hotel, Pune",Multicuisine₹ 1400 for two approx.,₹ 1400 for two approx.,25% Off + 25% Off
Chafa Cafe4.4,4.4,"Koregaon Park, Pune  | View All(2) Outlets",Healthy Food₹ 600 for two approx.,₹ 600 for two approx.,10% Off + 25% Off
Aahar Udipi's4.7,4.7,"Sangamvadi, Pune",South Indian₹ 1000 for two approx.,₹ 1000 for two approx.,10% Off + 25% Off
Masala Times4.6,4.6,"Camp Area, Pune",Multicuisine₹ 1000 for two approx.,₹ 1000 for two approx.,25% Off :Payeazy
Swig3.0,3.0,"Koregaon Park, Pune",Multicuisine₹ 2000 for two approx.,₹ 2000 for two approx.,10% Off + 25% Off
Garuda Restro Sky Bar2.8,2.8,"Hinjawadi, Pune","Multicuisine, Cocktail Menu₹ 1800 for two approx.",₹ 1800 for two approx.,60 Discount + 25% Off
Boho Boho5.0,5.0,"Koregaon Park, Pune",Multicuisine₹ 900 for two approx.,₹ 900 for two approx.,15% Off + 25% Off
Intactu3.7,3.7,"Hinjawadi, Pune",Multicuisine₹ 1300 for two approx.,₹ 1300 for two approx.,50% Off + 25% Off
The Daark Horse2.7,2.7,"Koregaon Park, Pune",Multicuisine₹ 1200 for two approx.,₹ 1200 for two approx.,25% Off + 25% Off
Savya Rasa4.8,4.8,"Koregaon Park, Pune",South Indian₹ 1000 for two approx.,₹ 1000 for two approx.,25% Off :Payeazy
Bean Social4.0,4.0,"Shivaji Nagar, Pune",Cafe₹ 300 for two approx.,₹ 300 for two approx.,15% Off + 25% Off
Barzilla Club1.0,1.0,"Hinjawadi, Pune",Multicuisine₹ 1800 for two approx.,₹ 1800 for two approx.,55% Off + 25% Off
Wow! Momo4.0,4.0,"Camp Area, Pune  | View All(13) Outlets",Momos₹ 400 for two approx.,₹ 400 for two approx.,15% Off + 25% Off
Shahji's Parantha House 4.2,4.2,"Deccan Gymkhana, Pune  | View All(1) Outlets",North Indian₹ 800 for two approx.,₹ 800 for two approx.,25% Off :Payeazy
Pune Sugar Box5.0,5.0,"Conrad Pune, Pune","Bakery, Desserts₹ 1200 for two approx.",₹ 1200 for two approx.,15% Off + 25% Off
BOVI Lounge & Bar5.0,5.0,"Pashan, Pune",Multicuisine₹ 1600 for two approx.,₹ 1600 for two approx.,40% Off + 25% Off
Toscano4.5,4.5,"Koregaon Park, Pune  | View All(3) Outlets",Italian₹ 1500 for two approx.,₹ 1500 for two approx.,25% Off :Payeazy
Puran Da Dhaba 3.9,3.9,"The Pride Hotel, Pune",North Indian₹ 1500 for two approx.,₹ 1500 for two approx.,25% Off + 25% Off
The Rooftop Project3.9,3.9,"MG Road, Pune",Multicuisine₹ 1400 for two approx.,₹ 1400 for two approx.,10% Off + 25% Off
Tiger Naan5.0,5.0,"Koregaon Park, Pune","Japanese, Modern Indian₹ 1500 for two approx.",₹ 1500 for two approx.,10% Off + 25% Off
Cafe Blu4.3,4.3,Radisson Blu Pune Hinjewadi,Multicuisine₹ 1500 for two approx.,₹ 1500 for two approx.,50% Off + 25% Off
11 East Street Cafe4.2,4.2,"East Street, Pune",Multicuisine₹ 1800 for two approx.,₹ 1800 for two approx.,10% Off + 25% Off
Santorini4.4,4.4,Hilton Garden Inn Pune Hinjawadi,"Mediterranean, Continental₹ 2400 for two approx.",₹ 2400 for two approx.,50% Off + 25% Off
Loft On The Top5.0,5.0,"Kondhwa, Pune",Multicuisine₹ 1800 for two approx.,₹ 1800 for two approx.,50% Off + 25% Off
Chaurahe Ke Paar3.0,3.0,"Koregaon Park, Pune",Multicuisine₹ 1500 for two approx.,₹ 1500 for two approx.,30% Off + 25% Off
Dario's4.0,4.0,"Koregaon Park, Pune  | View All(3) Outlets",Italian₹ 1500 for two approx.,₹ 1500 for two approx.,25% Off :Payeazy
Kleeo4.0,4.0,"Baner, Pune",Multicuisine₹ 1400 for two approx.,₹ 1400 for two approx.,40% Off + 25% Off
Cafe 15A4.2,4.2,"St Laurn Business Hotel, Pune","All Day Dining, Multicuisine₹ 1500 for two approx.",₹ 1500 for two approx.,25% Off + 25% Off
GILT Club2.6,2.6,"Kharadi, Pune",Multicuisine₹ 1200 for two approx.,₹ 1200 for two approx.,50% Off + 25% Off
The Camden Lane4.3,4.3,"Koregaon Park, Pune",Multicuisine₹ 1200 for two approx.,₹ 1200 for two approx.,25% Off :Payeazy
Masu4.3,4.3,"Conrad Pune, Pune","Cocktail Menu, Finger Food₹ 3000 for two approx.",₹ 3000 for two approx.,20% Off + 25% Off
Texas Tower4.4,4.4,"Kharadi, Pune",Multicuisine₹ 1500 for two approx.,₹ 1500 for two approx.,25% Off + 25% Off
Casa Blanca 3.7,3.7,"The Pride Hotel, Pune",Multicuisine₹ 1150 for two approx.,₹ 1150 for two approx.,25% Off + 25% Off
X-Tasy3.2,3.2,"The Pride Hotel, Pune",Multicuisine₹ 2200 for two approx.,₹ 2200 for two approx.,25% Off + 25% Off
Ruhmani3.9,3.9,Hilton Garden Inn Pune Hinjawadi,"Indian, Mughlai₹ 3000 for two approx.",₹ 3000 for two approx.,50% Off + 25% Off
The Dragon Fly By Radisson Hinjewadi4.0,4.0,Radisson Blu Pune Hinjewadi,Pan Asian₹ 2500 for two approx.,₹ 2500 for two approx.,50% Off + 25% Off
Casablanca The Lounge3.0,3.0,"Koregaon Park, Pune",Multicuisine₹ 1800 for two approx.,₹ 1800 for two approx.,25% Off + 25% Off
Earth Houz4.5,4.5,"Kondhwa, Pune","Indian, North Indian₹ 1000 for two approx.",₹ 1000 for two approx.,50% Off + 25% Off
Coco Café By Cococart4.0,4.0,"Viman Nagar, Pune",Cafe₹ 800 for two approx.,₹ 800 for two approx.,35% Off + 25% Off
Highland 4.0,4.0,"Kalyani Nagar, Pune  | View All(2) Outlets",Multicuisine₹ 1400 for two approx.,₹ 1400 for two approx.,35% Off + 25% Off
The 7a Restaurant and Bar5.0,5.0,"Kharadi, Pune","Cocktail Menu, Multicuisine₹ 1000 for two approx.",₹ 1000 for two approx.,30% Off + 25% Off
Rio Kitchen & Bar1.6,1.6,"Hinjawadi, Pune",Multicuisine₹ 1500 for two approx.,₹ 1500 for two approx.,50% Off + 25% Off
Cafe Ceva Multi Cisine Restaurant.4.0,4.0,"Baner, Pune",Multicuisine₹ 1000 for two approx.,₹ 1000 for two approx.,40% Off + 25% Off
Annies Bar & Kitchen4.0,4.0,"Koregaon Park, Pune","Cocktail Menu, Finger Food₹ 1500 for two approx.",₹ 1500 for two approx.,15% Off + 25% Off
Gurdjieff's Restaurant & Bar4.8,4.8,"Koregaon Park, Pune","Cocktail Menu, Multicuisine₹ 1000 for two approx.",₹ 1000 for two approx.,10% Off + 25% Off
Palmoco4.0,4.0,"Koregaon Park, Pune","Cocktail Menu, Multicuisine₹ 1300 for two approx.",₹ 1300 for two approx.,15% Off + 25% Off
Tutto Bene- Health Café by Little Italy5.0,5.0,"Bund Garden Road, Pune","Continental, Italian₹ 1200 for two approx.",₹ 1200 for two approx.,10% Off + 25% Off
Talli Bar & Kitchen4.0,4.0,"Koregaon Park, Pune  | View All(2) Outlets",Multicuisine₹ 1600 for two approx.,₹ 1600 for two approx.,30% Off + 25% Off
Braun Autobahn3.7,3.7,"Viman Nagar, Pune",Multicuisine₹ 1200 for two approx.,₹ 1200 for two approx.,30% Off + 25% Off
Trivaz Rooftop Restro & Club4.0,4.0,Xion Mall,Multicuisine₹ 1000 for two approx.,₹ 1000 for two approx.,55% Off + 25% Off
The Divine Cafe4.5,4.5,"Koregaon Park, Pune",Multicuisine₹ 800 for two approx.,₹ 800 for two approx.,10% Off + 25% Off
Addah4.2,4.2,The O Hotel Pune,North Indian₹ 2500 for two approx.,₹ 2500 for two approx.,10% Off + 25% Off
Harajuku 4.2,4.2,The O Hotel Pune,"Chinese, Japanese₹ 4500 for two approx.",₹ 4500 for two approx.,10% Off + 25% Off
Tuckd Away4.0,4.0,"Koregaon Park, Pune",Cafe₹ 1000 for two approx.,₹ 1000 for two approx.,10% Off + 25% Off
Cafe 9's 4.0,4.0,"Karve Nagar, Pune",Multicuisine₹ 600 for two approx.,₹ 600 for two approx.,10% Off + 25% Off
Majlis Darbar4.0,4.0,"Camp Area, Pune",Multicuisine₹ 1200 for two approx.,₹ 1200 for two approx.,10% Off + 25% Off
Kwality Family Resto Bar 4.0,4.0,"Shivaji Nagar, Pune",Multicuisine₹ 1500 for two approx.,₹ 1500 for two approx.,10% Off + 25% Off
Delhi Grills4.0,4.0,"Koregaon Park, Pune","Mughlai, North Indian₹ 600 for two approx.",₹ 600 for two approx.,10% Off + 25% Off
L7 - Luxury Club & Kitchen4.0,4.0,"Koregaon Park, Pune",Multicuisine₹ 1400 for two approx.,₹ 1400 for two approx.,30% Off + 25% Off
Teera3.9,3.9,"Wakad, Pune",Multicuisine₹ 1500 for two approx.,₹ 1500 for two approx.,25% Off + 25% Off
Valour Kitchen & Bar1.0,1.0,"Kharadi, Pune",Multicuisine₹ 1200 for two approx.,₹ 1200 for two approx.,35% Off + 25% Off
The Cult - Terra4.1,4.1,"Magarpatta, Pune",Multicuisine₹ 1700 for two approx.,₹ 1700 for two approx.,25% Off + 25% Off
Blue Pepper3.0,3.0,The O Hotel Pune,Multicuisine₹ 2500 for two approx.,₹ 2500 for two approx.,10% Off + 25% Off
ZENZI Restaurant1.0,1.0,"Dhole Patil Road, Pune",Indian₹ 1000 for two approx.,₹ 1000 for two approx.,20% Off + 25% Off
Cafe Rova4.4,4.4,"Kharadi, Pune",Multicuisine₹ 600 for two approx.,₹ 600 for two approx.,30% Off + 25% Off
Sreca Rooftop Lounge2.7,2.7,"Pimple Nilakh, Pune",Multicuisine₹ 1300 for two approx.,₹ 1300 for two approx.,40% Off + 25% Off
The Bridge4.6,4.6,"Tarawade Clarks Inn, Pune",₹ 1500 for two approx.,₹ 1500 for two approx.,25% Off :Payeazy
Punjab Exotica4.6,4.6,"Amanora Mall, Hadapsar",Multicuisine₹ 1300 for two approx.,₹ 1300 for two approx.,35% Off + 25% Off
Skye - Rooftop By Eternia4.2,4.2,"Senapati Bapat Road, Pune","Multicuisine, Cocktail Menu₹ 2000 for two approx.",₹ 2000 for two approx.,15% Off + 25% Off
Atmosphere 64.4,4.4,"Viman Nagar, Pune",Multicuisine₹ 2000 for two approx.,₹ 2000 for two approx.,15% Off + 25% Off
Bloom Café4.0,4.0,"Bloom Hotel - Koregaon Park,Pune",₹ 1200 for two approx.,₹ 1200 for two approx.,25% Off :Payeazy
Big Table - The Veg Bar4.0,4.0,"Coronet The Boutique Hotel, Pune",Multicuisine₹ 1200 for two approx.,₹ 1200 for two approx.,25% Off :Payeazy
Cafe Zen Courtyard4.0,4.0,"Koregaon Park, Pune",Multicuisine₹ 1000 for two approx.,₹ 1000 for two approx.,25% Off :Payeazy
MOH Bistro & Barrels5.0,5.0,"Mundhwa, Pune",Multicuisine₹ 1800 for two approx.,₹ 1800 for two approx.,45% Off + 25% Off
TGI Friday's4.6,4.6,"The Pavillion, Senapati Bapat Road  | View All(2) Outlets",Multicuisine₹ 2400 for two approx.,₹ 2400 for two approx.,25% Off + 25% Off
5ive By Radisson Hinjewadi4.7,4.7,Radisson Blu Pune Hinjewadi,Multicuisine₹ 2000 for two approx.,₹ 2000 for two approx.,30% Off + 25% Off
The Bridge & SKYE4.0,4.0,Radisson Blu Hotel Pune Kharadi,Mexican₹ 1200 for two approx.,₹ 1200 for two approx.,25% Off + 25% Off
Punjab Grill3.7,3.7,"Phoenix Mall of the Millennium, Wakad  | View All(3) Outlets",North Indian₹ 1200 for two approx.,₹ 1200 for two approx.,30% Off + 25% Off
The Waterfall Lounge4.0,4.0,"Hyatt Pune, Kalyani Nagar",French₹ 1000 for two approx.,₹ 1000 for two approx.,20% Off + 25% Off
The Great Kabab Factory4.0,4.0,Radisson Blu Hotel Pune Kharadi,North Indian₹ 4000 for two approx.,₹ 4000 for two approx.,50% Off + 25% Off
FML - Food Music Love3.1,3.1,"Seasons Mall, Magarpatta  | View All(4) Outlets",Multicuisine₹ 1900 for two approx.,₹ 1900 for two approx.,45% Off + 25% Off
Agent Jack's3.2,3.2,"Amanora Mall, Hadapsar  | View All(4) Outlets",Multicuisine₹ 1800 for two approx.,₹ 1800 for two approx.,35% Off + 25% Off
Funny Cat4.4,4.4,"Ramee Grand, Pune",Multicuisine₹ 1500 for two approx.,₹ 1500 for two approx.,30% Off + 25% Off
Shizusan4.3,4.3,"Viman Nagar, Pune",Pan Asian₹ 1600 for two approx.,₹ 1600 for two approx.,15% Off + 25% Off
HAPAA - Asian Stir4.4,4.4,"Kalyani Nagar, Pune",Asian₹ 1200 for two approx.,₹ 1200 for two approx.,20% Off + 25% Off
Le Parc 3.9,3.9,"Wakad, Pune",Multicuisine₹ 1200 for two approx.,₹ 1200 for two approx.,20% Off + 25% Off
La Belle Resto Bar4.0,4.0,"Hinjawadi, Pune",Multicuisine₹ 1000 for two approx.,₹ 1000 for two approx.,35% Off + 25% Off
Teritree4.4,4.4,"Hadapsar, Pune",Multicuisine₹ 1500 for two approx.,₹ 1500 for two approx.,15% Off + 25% Off
Da Nonna's5.0,5.0,"Deccan Gymkhana, Pune",Italian₹ 1200 for two approx.,₹ 1200 for two approx.,15% Off + 25% Off
The Barkhana4.4,4.4,"Wakad, Pune","Pan Asian, Indian₹ 1300 for two approx.",₹ 1300 for two approx.,20% Off + 25% Off
Saffron Restaurant 5.0,5.0,"Kalyani Nagar, Pune",North Indian₹ 1200 for two approx.,₹ 1200 for two approx.,10% Off + 25% Off
Thikana4.1,4.1,"FC Road, Pune  | View All(4) Outlets","North Indian, Cocktail Menu, oriental₹ 1300 for two approx.",₹ 1300 for two approx.,25% Off + 25% Off
The Market4.5,4.5,"The Westin Pune Koregaon Park, Pune",Multicuisine₹ 2800 for two approx.,₹ 2800 for two approx.,25% Off + 25% Off
Utse Kitchen4.0,4.0,"Shivajinagar, Central Bengaluru",Asian₹ 1500 for two approx.,₹ 1500 for two approx.,25% Off
Chin Lung Resto Bar4.5,4.5,"Residency Road, Central Bengaluru  | View All(5) Outlets",Multicuisine₹ 2000 for two approx.,₹ 2000 for two approx.,25% Off
Nasi and Mee4.6,4.6,"Richmond Town, Central Bengaluru  | View All(5) Outlets",Asian₹ 2000 for two approx.,₹ 2000 for two approx.,25% Off
Öz By Kebapci4.6,4.6,"UB City, Central Bengaluru",Turkish₹ 2000 for two approx.,₹ 2000 for two approx.,25% Off
one8 Commune3.8,3.8,"MG Road, Central Bengaluru",Multicuisine₹ 2800 for two approx.,₹ 2800 for two approx.,25% Off
KoMaama Korean Restaurant4.0,4.0,"Brigade Road, Central Bengaluru",Korean₹ 2000 for two approx.,₹ 2000 for two approx.,25% Off
Juliet3.8,3.8,"1MG Road Mall, MG Road","European, Asian₹ 3000 for two approx.",₹ 3000 for two approx.,25% Off
Maverick & Farmer Coffee4.6,4.6,"Ulsoor, East Bengaluru",Cafe₹ 2000 for two approx.,₹ 2000 for two approx.,25% Off
Daddy4.1,4.1,"Indiranagar, East Bengaluru","Pan Asian, Cocktail Menu₹ 2000 for two approx.",₹ 2000 for two approx.,25% Off
BLR Brewing Co4.4,4.4,"Whitefield, East Bengaluru  | View All(6) Outlets",Multicuisine₹ 2000 for two approx.,₹ 2000 for two approx.,25% Off
Helen's Place4.2,4.2,"Marathahalli, East Bengaluru",Multicuisine₹ 2500 for two approx.,₹ 2500 for two approx.,25% Off
Chin Lung Brewery - Indiranagar4.7,4.7,"Indiranagar, East Bengaluru",Multicuisine₹ 2000 for two approx.,₹ 2000 for two approx.,25% Off
"Atlantis - Brewpub, Cocktails & Kitchen4.1",4.1,"HSR, South Bengaluru",Multicuisine₹ 2000 for two approx.,₹ 2000 for two approx.,25% Off
Yuki Cocktail Bar & Kitchen4.7,4.7,"Indiranagar, East Bengaluru","Cocktail Menu, Pan Asian, Asian₹ 2000 for two approx.",₹ 2000 for two approx.,25% Off
46 Ounces Brewgarden4.7,4.7,"Electronic City, South Bengaluru","Multicuisine, Cocktail Menu₹ 2000 for two approx.",₹ 2000 for two approx.,20% Off + 25% Off
The Reservoire Cocktail Bar & Kitchen4.6,4.6,"Indiranagar, East Bengaluru",Multicuisine₹ 2000 for two approx.,₹ 2000 for two approx.,25% Off
Khmer Kitchen4.7,4.7,"JP Nagar, South Bengaluru",Asian₹ 2000 for two approx.,₹ 2000 for two approx.,25% Off
Oia4.2,4.2,"Hennur, North Bengaluru",Multicuisine₹ 2000 for two approx.,₹ 2000 for two approx.,25% Off
MisoSexy4.3,4.3,"Indiranagar, East Bengaluru","Pan Asian, Asian₹ 2000 for two approx.",₹ 2000 for two approx.,25% Off
The Founders Brewery4.6,4.6,"New BEL Road, North Bengaluru","Chinese, North Indian₹ 2000 for two approx.",₹ 2000 for two approx.,25% Off
Nusa - Tropical Brewvilla4.1,4.1,"Gunjur Village, Bengaluru",Multicuisine₹ 2000 for two approx.,₹ 2000 for two approx.,25% Off
1522 - The Pub4.2,4.2,"Malleshwaram, West Bengaluru  | View All(8) Outlets","North Indian, Indian Coastal Cuisine, Chicken, Barbeque, European, Finger Food₹ 2500 for two approx.",₹ 2500 for two approx.,25% Off
Maize & Malt4.6,4.6,"Krishnarajapuram Hobli, Bengaluru",Multicuisine₹ 2000 for two approx.,₹ 2000 for two approx.,25% Off
Koreyaki 3.5,3.5,"Indiranagar, East Bengaluru",Korean₹ 2000 for two approx.,₹ 2000 for two approx.,25% Off
ASF - Ancient Stone Flames BBQ & Grill4.8,4.8,"Kalyan Nagar, North Bengaluru  | View All(4) Outlets",North Indian₹ 2000 for two approx.,₹ 2000 for two approx.,10% Off + 25% Off
1 BHK - Bar House Kitchen4.4,4.4,"Koramangala, South Bengaluru",Multicuisine₹ 2000 for two approx.,₹ 2000 for two approx.,25% Off
Yuki - Pan Asian Kitchen and Bar4.5,4.5,"JP Nagar, South Bengaluru",Pan Asian₹ 2000 for two approx.,₹ 2000 for two approx.,25% Off
DISTRICT 64.4,4.4,"Rajajinagar, West Bengaluru","Cocktail Menu, Multicuisine₹ 2000 for two approx.",₹ 2000 for two approx.,25% Off
Byg Brewski - Sarjapur4.5,4.5,"Sarjapur Road, South Bengaluru",Multicuisine₹ 2000 for two approx.,₹ 2000 for two approx.,25% Off
The Fisherman's Wharf4.5,4.5,"Sarjapur Road, South Bengaluru  | View All(1) Outlets","Seafood, Multicuisine, Indian Coastal Cuisine₹ 2000 for two approx.",₹ 2000 for two approx.,25% Off
TAG4.4,4.4,"Indiranagar, East Bengaluru",Andhra₹ 2000 for two approx.,₹ 2000 for two approx.,25% Off
Jollygunj4.3,4.3,"JP Nagar, South Bengaluru  | View All(3) Outlets",Indian₹ 2500 for two approx.,₹ 2500 for two approx.,25% Off
The Scene - Craft Kitchen & Bar4.0,4.0,"JP Nagar, South Bengaluru",Multicuisine₹ 2000 for two approx.,₹ 2000 for two approx.,25% Off
Yuki - Brewhouse and Kitchen4.6,4.6,"Koramangala, South Bengaluru","Cocktail Menu, Pan Asian₹ 2000 for two approx.",₹ 2000 for two approx.,25% Off
Chairman's Restobar4.5,4.5,"Chikkabanavara, North Bengaluru",Multicuisine₹ 2000 for two approx.,₹ 2000 for two approx.,25% Off
William John's Pizza4.9,4.9,"Horamavu, Bengaluru","Italian, American₹ 2000 for two approx.",₹ 2000 for two approx.,25% Off
Garden by su4.4,4.4,"Jayanagar, South Bengaluru",Multicuisine₹ 2000 for two approx.,₹ 2000 for two approx.,25% Off
Masala Mandi4.2,4.2,"Sarjapur Road, South Bengaluru",Barbeque₹ 2000 for two approx.,₹ 2000 for two approx.,25% Off
Toca3.9,3.9,"Koramangala, South Bengaluru  | View All(2) Outlets",Multicuisine₹ 2000 for two approx.,₹ 2000 for two approx.,25% Off
Brau Galie Microbrewery4.8,4.8,"Koramangala 5th Block, South Bengaluru",Multicuisine₹ 2000 for two approx.,₹ 2000 for two approx.,25% Off
Maggi Baba5.0,5.0,"Shivajinagar, Central Bengaluru",Beverages₹ 2000 for two approx.,₹ 2000 for two approx.,25% Off :Payeazy
Romeo Cafe4.0,4.0,"Shivajinagar, Central Bengaluru",Multicuisine₹ 2000 for two approx.,₹ 2000 for two approx.,25% Off :Payeazy
Dindigul Thalappakatti5.0,5.0,"MG Road, Central Bengaluru  | View All(10) Outlets",Multicuisine₹ 950 for two approx.,₹ 950 for two approx.,25% Off
Hatti Kaapi5.0,5.0,"Infantry Road, Central Bengaluru  | View All(4) Outlets",Multicuisine₹ 400 for two approx.,₹ 400 for two approx.,10% Off + 25% Off
Tiger Trail4.1,4.1,"Regenta Place Cunningham, Bengaluru",Indian₹ 2000 for two approx.,₹ 2000 for two approx.,25% Off + 25% Off
Burnout Cafe3.9,3.9,"Infantry Road, Central Bengaluru  | View All(1) Outlets","Continental, Multicuisine, Chinese₹ 2000 for two approx.",₹ 2000 for two approx.,20% Off + 25% Off
Trippy Goat Cafe4.3,4.3,"Vasanth Nagar, Central Bengaluru","Coffee and Tea, European₹ 2000 for two approx.",₹ 2000 for two approx.,10% Off + 25% Off
Bazaar4.0,4.0,Zone By The Park Infantry Bengaluru,Multicuisine₹ 2500 for two approx.,₹ 2500 for two approx.,10% Off + 25% Off
Flo3.5,3.5,"Church Street, Central Bengaluru","Multicuisine, Cocktail Menu₹ 2000 for two approx.",₹ 2000 for two approx.,45% Off + 25% Off
Ta'aam5.0,5.0,"Cunningham Road, Central Bengaluru","Arabian, North Indian₹ 600 for two approx.",₹ 600 for two approx.,25% Off :Payeazy
Monarch Cafe4.0,4.0,"Infantry Road, Central Bengaluru",Multicuisine₹ 2000 for two approx.,₹ 2000 for two approx.,25% Off :Payeazy
No Limmits Lounge & Club3.5,3.5,"Brigade Road, Central Bengaluru",Multicuisine₹ 2000 for two approx.,₹ 2000 for two approx.,40% Off + 25% Off
JW Kitchen4.4,4.4,"JW Marriott, Bengaluru, Central Bengaluru",Multicuisine₹ 2500 for two approx.,₹ 2500 for two approx.,30% Off + 25% Off
KA 01 - Rooftop Bar & Eats4.4,4.4,"Ibis Hotel, Richmond Road","Indian, Cocktail Menu₹ 2000 for two approx.",₹ 2000 for two approx.,50% Off + 25% Off
The Kabab Studio3.9,3.9,"Goldfinch Hotel, Seshadripuram",North Indian₹ 2000 for two approx.,₹ 2000 for two approx.,50% Off + 25% Off
SkyDeck By Sherlock's4.5,4.5,"MG Road, Central Bengaluru",Multicuisine₹ 2000 for two approx.,₹ 2000 for two approx.,15% Off + 25% Off
ShakesBierre4.4,4.4,"MG Road, Central Bengaluru","Cocktail Menu, Multicuisine₹ 2000 for two approx.",₹ 2000 for two approx.,10% Off + 25% Off
Tiamo4.4,4.4,Conrad Bengaluru,Multicuisine₹ 2250 for two approx.,₹ 2250 for two approx.,20% Off + 25% Off
Kenzai - Asian Kitchen And Lounge4.6,4.6,"Brigade Road, Central Bengaluru",Asian₹ 2000 for two approx.,₹ 2000 for two approx.,25% Off + 25% Off
Café Azzure4.2,4.2,"MG Road, Central Bengaluru  | View All(4) Outlets",European₹ 2000 for two approx.,₹ 2000 for two approx.,20% Off + 25% Off
Sana-Di-Ge 4.4,4.4,"Goldfinch Hotel, Seshadripuram","Biryani, Seafood, Regional Indian₹ 2000 for two approx.",₹ 2000 for two approx.,20% Off + 25% Off
Punjab Grill4.2,4.2,"Ashok Nagar, Bengaluru  | View All(8) Outlets",North Indian₹ 2000 for two approx.,₹ 2000 for two approx.,20% Off + 25% Off
Kudla5.0,5.0,"Sampangi Rama Nagar, Bengaluru",Multicuisine₹ 2500 for two approx.,₹ 2500 for two approx.,15% Off + 25% Off
Be Luru Craft Kitchen & Bar4.0,4.0,"Sankey Road, North Bengaluru","Indian, Asian₹ 2000 for two approx.",₹ 2000 for two approx.,30% Off + 25% Off
Jalebbi4.5,4.5,"Cunningham Road, Central Bengaluru",Indian₹ 2000 for two approx.,₹ 2000 for two approx.,30% Off + 25% Off
Badmaash UB City4.3,4.3,"UB City, Central Bengaluru  | View All(4) Outlets",Indian₹ 2000 for two approx.,₹ 2000 for two approx.,25% Off + 25% Off
Alchemy4.5,4.5,"The Chancery Pavilion, Bengaluru","Indian, Fusion₹ 2500 for two approx.",₹ 2500 for two approx.,20% Off + 25% Off
Zest4.9,4.9,"Southern Star, Bengaluru",Multicuisine₹ 2000 for two approx.,₹ 2000 for two approx.,60 Discount + 25% Off
Beijing Bites4.0,4.0,"Frazer Town, Central Bengaluru  | View All(52) Outlets",Pan Asian₹ 450 for two approx.,₹ 450 for two approx.,15% Off + 25% Off
Spice It3.5,3.5,"Ibis Hotel, Richmond Road  | View All(4) Outlets",Multicuisine₹ 2000 for two approx.,₹ 2000 for two approx.,30% Off + 25% Off
Lumara Bar & Kitchen4.3,4.3,"Old Madras Road, East Bengaluru",Multicuisine₹ 2500 for two approx.,₹ 2500 for two approx.,10% Off + 25% Off
Levista Gourmet Studio5.0,5.0,"Church Street, Central Bengaluru",American₹ 2000 for two approx.,₹ 2000 for two approx.,20% Off + 25% Off
Hard Rock Cafe4.5,4.5,"St. Marks Road, Central Bengaluru  | View All(2) Outlets","Burgers, Multicuisine₹ 2500 for two approx.",₹ 2500 for two approx.,20% Off + 25% Off
Cafe Noir4.3,4.3,"Cunningham Road, Central Bengaluru  | View All(8) Outlets",French₹ 2000 for two approx.,₹ 2000 for two approx.,20% Off + 25% Off
Matsuri4.6,4.6,"The Chancery Hotel, Bengaluru","Japanese, Sushi₹ 2000 for two approx.",₹ 2000 for two approx.,15% Off + 25% Off
Sozo Skyline Dining4.4,4.4,"Ashok Nagar, Bengaluru","Pan Asian, Cocktail Menu₹ 2000 for two approx.",₹ 2000 for two approx.,25% Off + 25% Off
Atlas World Cafe4.4,4.4,"Vividus Hotel, Bengaluru",Multicuisine₹ 2000 for two approx.,₹ 2000 for two approx.,25% Off + 25% Off
LIT Gastropub3.7,3.7,"Church Street, Central Bengaluru",Multicuisine₹ 2000 for two approx.,₹ 2000 for two approx.,20% Off + 25% Off
Rice Bowl3.7,3.7,"Ulsoor, East Bengaluru",Pan Asian₹ 2500 for two approx.,₹ 2500 for two approx.,30% Off + 25% Off
Kling Brewery4.5,4.5,"Church Street, Central Bengaluru",Multicuisine₹ 2000 for two approx.,₹ 2000 for two approx.,10% Off + 25% Off
Maffei Kitchen5.0,5.0,"Cunningham Road, Central Bengaluru  | View All(2) Outlets",Lebanese₹ 2000 for two approx.,₹ 2000 for two approx.,10% Off + 25% Off
Sea Rock Family Restaurant & Bar4.7,4.7,"Seshadripuram, Central Bengaluru",Multicuisine₹ 2000 for two approx.,₹ 2000 for two approx.,10% Off + 25% Off
Glass Kitchen & Bar4.4,4.4,Holiday inn Bengaluru Racecourse,"Indian, Cocktail Menu₹ 2500 for two approx.",₹ 2500 for two approx.,50% Off + 25% Off
Downtown Diner4.6,4.6,"Brigade Road, Central Bengaluru","European, Mediterranean, Indian₹ 2000 for two approx.",₹ 2000 for two approx.,10% Off + 25% Off
SodaBottleOpenerWala4.4,4.4,"Lavelle Road, Central Bengaluru",Parsi₹ 2000 for two approx.,₹ 2000 for two approx.,15% Off + 25% Off
Scottish Pub4.9,4.9,"St. Marks Road, Central Bengaluru",Multicuisine₹ 2000 for two approx.,₹ 2000 for two approx.,20% Off + 25% Off
Kohinoor4.0,4.0,"St. Mark's Hotel, Bengaluru",Indian₹ 2000 for two approx.,₹ 2000 for two approx.,10% Off + 25% Off
Tandoor | A Heritage Indian Restaurant & Bar4.7,4.7,"MG Road, Central Bengaluru",North Indian₹ 2000 for two approx.,₹ 2000 for two approx.,10% Off + 25% Off
Wasabi4.0,4.0,"Brigade Road, Central Bengaluru",Multicuisine₹ 2000 for two approx.,₹ 2000 for two approx.,25% Off + 25% Off
Alba4.1,4.1,"JW Marriott, Bengaluru, Central Bengaluru",Italian₹ 3500 for two approx.,₹ 3500 for two approx.,25% Off :Payeazy
Hatti Kaapi - Signature5.0,5.0,"Lavelle Road, Central Bengaluru",Multicuisine₹ 600 for two approx.,₹ 600 for two approx.,10% Off + 25% Off
Mirage4.2,4.2,"Church Street, Central Bengaluru","Multicuisine, Cocktail Menu₹ 2800 for two approx.",₹ 2800 for two approx.,25% Off + 25% Off
Mikusu4.5,4.5,Conrad Bengaluru,"Pan Asian, Asian₹ 3000 for two approx.",₹ 3000 for two approx.,15% Off + 25% Off
By Chance4.4,4.4,"Brigade Road, Central Bengaluru",Multicuisine₹ 1500 for two approx.,₹ 1500 for two approx.,10% Off + 25% Off
Mainland China4.4,4.4,"Church Street, Central Bengaluru  | View All(4) Outlets",Chinese₹ 2000 for two approx.,₹ 2000 for two approx.,15% Off + 25% Off
Tottos Pizza3.5,3.5,"5th Avenue, Brigade Road, Central Bengaluru",Multicuisine₹ 2000 for two approx.,₹ 2000 for two approx.,15% Off + 25% Off
Gufha Restaurant4.6,4.6,"Guttahalli, North Bengaluru",Multicuisine₹ 2000 for two approx.,₹ 2000 for two approx.,10% Off + 25% Off
Kake Di Hatti5.0,5.0,"Brigade Road, Central Bengaluru  | View All(9) Outlets",North Indian₹ 2000 for two approx.,₹ 2000 for two approx.,10% Off + 25% Off
The Biere Club4.4,4.4,"Lavelle Road, Central Bengaluru  | View All(2) Outlets","Cocktail Menu, Multicuisine₹ 2000 for two approx.",₹ 2000 for two approx.,10% Off + 25% Off
Queens Restaurant5.0,5.0,"Church Street, Central Bengaluru  | View All(2) Outlets",North Indian₹ 2000 for two approx.,₹ 2000 for two approx.,15% Off + 25% Off
Maayaa4.4,4.4,"The Courtyard by Sublime, Bengaluru",South Indian₹ 2000 for two approx.,₹ 2000 for two approx.,15% Off + 25% Off
Nothing Before Coffee4.0,4.0,"Richmond Town, Central Bengaluru",Cafe₹ 2000 for two approx.,₹ 2000 for two approx.,20% Off + 25% Off
Plan B3.7,3.7,"Brigade Road, Central Bengaluru  | View All(13) Outlets",American₹ 2000 for two approx.,₹ 2000 for two approx.,15% Off + 25% Off
Spice Terrace4.5,4.5,"JW Marriott, Bengaluru, Central Bengaluru",North Indian₹ 2800 for two approx.,₹ 2800 for two approx.,15% Off + 25% Off
Street Storyss5.0,5.0,"Brigade Road, Central Bengaluru  | View All(3) Outlets",Multicuisine₹ 1500 for two approx.,₹ 1500 for two approx.,10% Off + 25% Off
Smoke House Deli4.4,4.4,"Lavelle Road, Central Bengaluru  | View All(2) Outlets",European₹ 2000 for two approx.,₹ 2000 for two approx.,20% Off + 25% Off
Restaurant Chef Pillai4.2,4.2,"Brigade Road, Central Bengaluru  | View All(2) Outlets",South Indian₹ 2000 for two approx.,₹ 2000 for two approx.,10% Off + 25% Off
Zodiac4.2,4.2,"Fortune Select JP Cosmos, Bengaluru",Multicuisine₹ 2000 for two approx.,₹ 2000 for two approx.,25% Off + 25% Off
The California Coffee4.0,4.0,"Ashok Nagar, Bengaluru",American₹ 2000 for two approx.,₹ 2000 for two approx.,10% Off + 25% Off
Sherlock's Pub4.1,4.1,"Frazer Town, Central Bengaluru  | View All(4) Outlets",Multicuisine₹ 2000 for two approx.,₹ 2000 for two approx.,15% Off + 25% Off
The Royal Afghan4.8,4.8,"ITC Windsor, Bengaluru",North West Frontier₹ 5500 for two approx.,₹ 5500 for two approx.,10% Off + 25% Off
Raahi Neo Kitchen & Bar4.0,4.0,"Ashok Nagar, Bengaluru",Indian₹ 2500 for two approx.,₹ 2500 for two approx.,25% Off + 25% Off
Zodiac - The Fortune Palace4.0,4.0,"Fortune Select JP Cosmos, Bengaluru",Multicuisine₹ 1800 for two approx.,₹ 1800 for two approx.,25% Off + 25% Off
Dishkeyaun4.1,4.1,"Forum Rex Walk, Brigade Road","Indian, Fusion, Asian₹ 2000 for two approx.",₹ 2000 for two approx.,30% Off + 25% Off
The Coffee Shop4.0,4.0,"The Cunningham Hotel, Vasanth Nagar",Indian₹ 1000 for two approx.,₹ 1000 for two approx.,40% Off + 25% Off
Rooftop Dinning4.0,4.0,"The Cunningham Hotel, Vasanth Nagar",Multicuisine₹ 1200 for two approx.,₹ 1200 for two approx.,40% Off + 25% Off
Easy Tiger4.2,4.2,"Church Street, Central Bengaluru","American, Cocktail Menu₹ 2000 for two approx.",₹ 2000 for two approx.,20% Off + 25% Off
Coastal Machali Co.4.6,4.6,"Residency Road, Central Bengaluru",Multicuisine₹ 2000 for two approx.,₹ 2000 for two approx.,25% Off + 25% Off
Sharief Bhai Biryani4.4,4.4,"Frazer Town, Central Bengaluru  | View All(26) Outlets",Hyderabadi₹ 2000 for two approx.,₹ 2000 for two approx.,15% Off + 25% Off
Pasta Street4.6,4.6,"Cunningham Road, Central Bengaluru  | View All(8) Outlets","Beverages, Pasta, Continental, Salad, Desserts, Healthy Food, Pizza, Italian₹ 2000 for two approx.",₹ 2000 for two approx.,10% Off + 25% Off
Tonique Restro Bar5.0,5.0,"Battrahalli, Bengaluru","Cocktail Menu, Multicuisine₹ 2000 for two approx.",₹ 2000 for two approx.,15% Off + 25% Off
Sanchez & Sriracha4.2,4.2,"UB City, Central Bengaluru  | View All(2) Outlets",Mexican₹ 2000 for two approx.,₹ 2000 for two approx.,10% Off + 25% Off
Cahoots Classic Bar House5.0,5.0,"Brigade Road, Central Bengaluru",Multicuisine₹ 2500 for two approx.,₹ 2500 for two approx.,15% Off + 25% Off
Botany Brew & Kitchen4.0,4.0,"Ashok Nagar, Bengaluru",Multicuisine₹ 2000 for two approx.,₹ 2000 for two approx.,25% Off + 25% Off
"Salt - Pan Indian Restaurant, Bar & Grill4.3",4.3,"UB City, Central Bengaluru  | View All(2) Outlets","Indian, Cocktail Menu₹ 2000 for two approx.",₹ 2000 for two approx.,25% Off :Payeazy
Toscano4.4,4.4,"Museum Road, Ashok Nagar, Bengaluru  | View All(9) Outlets",Italian₹ 2000 for two approx.,₹ 2000 for two approx.,10% Off + 25% Off
Fuel Bar4.4,4.4,"The Pride Hotel, Bengaluru","Finger Food, Cocktail Menu₹ 2000 for two approx.",₹ 2000 for two approx.,15% Off + 25% Off
Cafe G Holiday inn Bengaluru Racecourse4.0,4.0,Holiday inn Bengaluru Racecourse,Multicuisine₹ 2500 for two approx.,₹ 2500 for two approx.,30% Off + 25% Off
"Mad & Co, Indiranagar1.0",1.0,"Indiranagar, East Bengaluru",Cafe₹ 2000 for two approx.,₹ 2000 for two approx.,50% Off + 25% Off
Pinxx4.2,4.2,"Royal Orchid Central, Bengaluru",Multicuisine₹ 2400 for two approx.,₹ 2400 for two approx.,25% Off + 25% Off
Hoppipola3.9,3.9,"Church Street, Central Bengaluru  | View All(1) Outlets",Cocktail Menu₹ 2000 for two approx.,₹ 2000 for two approx.,15% Off + 25% Off
Zed the Baker3.6,3.6,"Race Course Road, Central Bengaluru  | View All(5) Outlets",French₹ 2000 for two approx.,₹ 2000 for two approx.,10% Off + 25% Off
Dublin4.8,4.8,"ITC Windsor, Bengaluru",Irish₹ 3200 for two approx.,₹ 3200 for two approx.,10% Off + 25% Off
Cafe Treat 4.2,4.2,"The Pride Hotel, Bengaluru",Multicuisine₹ 2000 for two approx.,₹ 2000 for two approx.,15% Off + 25% Off
Ging4.3,4.3,"Royal Orchid Central, Bengaluru","Cocktail Menu, oriental₹ 2500 for two approx.",₹ 2500 for two approx.,25% Off + 25% Off
Exotica4.3,4.3,"Banjara Hills, Hyderabad  | View All(2) Outlets",Multicuisine₹ 1500 for two approx.,₹ 1500 for two approx.,10% Off + 25% Off
63 Degree Modern Regional Buffet4.1,4.1,"Gachibowli, Hyderabad",Regional Indian₹ 2400 for two approx.,₹ 2400 for two approx.,25% Off
Forefathers4.6,4.6,"Road No. 45, Jubilee Hills, Hyderabad",Multicuisine₹ 1500 for two approx.,₹ 1500 for two approx.,25% Off
The Ofen5.0,5.0,"Banjara Hills, Hyderabad","Beverages, Mexican, Italian₹ 2000 for two approx.",₹ 2000 for two approx.,20% Off + 25% Off
Golconda Pavilion4.4,4.4,"ITC Kohenur, Hyderabad","Chinese, Continental, Desserts, Finger Food, North Indian, Multicuisine₹ 2500 for two approx.",₹ 2500 for two approx.,25% Off
one8 Commune4.7,4.7,"Hitech City, Hyderabad",Multicuisine₹ 2500 for two approx.,₹ 2500 for two approx.,25% Off
Aster Cafe & Kitchen4.0,4.0,"Road No. 12, Banjara Hills, Hyderabad",Multicuisine₹ 1000 for two approx.,₹ 1000 for two approx.,15% Off + 25% Off
Fuel Cafe4.0,4.0,"Banjara Hills, Hyderabad",Cafe₹ 800 for two approx.,₹ 800 for two approx.,15% Off + 25% Off
Pizza Zone4.0,4.0,"Habsiguda, Hyderabad  | View All(2) Outlets",Italian₹ 1000 for two approx.,₹ 1000 for two approx.,25% Off
7 Sisters4.4,4.4,"Banjara Hills, Hyderabad  | View All(4) Outlets",North Eastern₹ 700 for two approx.,₹ 700 for two approx.,30% Off + 25% Off
Holy Basil4.5,4.5,"Radisson Blu Plaza Hotel, Hyderabad",Pan Asian₹ 1200 for two approx.,₹ 1200 for two approx.,35% Off + 25% Off
Vasaara4.0,4.0,"Banjara Hills, Hyderabad","European, South Indian₹ 1000 for two approx.",₹ 1000 for two approx.,15% Off + 25% Off
Hibacci4.4,4.4,"Banjara Hills, Hyderabad","Chinese, North Eastern, Pan Asian, Asian₹ 1250 for two approx.",₹ 1250 for two approx.,15% Off + 25% Off
Ohri's Eatmor3.8,3.8,"Banjara Hills, Hyderabad  | View All(5) Outlets",Multicuisine₹ 1200 for two approx.,₹ 1200 for two approx.,15% Off + 25% Off
A'La Liberty4.3,4.3,"Banjara Hills, Hyderabad","European, Indian₹ 1300 for two approx.",₹ 1300 for two approx.,10% Off + 25% Off
Hummus House5.0,5.0,"Road No. 12, Banjara Hills, Hyderabad",Mediterranean₹ 1100 for two approx.,₹ 1100 for two approx.,10% Off + 25% Off
Imli Sarai3.0,3.0,"Banjara Hills, Hyderabad",European₹ 1800 for two approx.,₹ 1800 for two approx.,20% Off + 25% Off
Habitat Cafe4.7,4.7,"Banjara Hills, Hyderabad",Multicuisine₹ 1200 for two approx.,₹ 1200 for two approx.,10% Off + 25% Off
Moyaaah!4.0,4.0,"Banjara Hills, Hyderabad","European, Fast Food₹ 700 for two approx.",₹ 700 for two approx.,15% Off + 25% Off
Blu Café Lounge4.3,4.3,"Radisson Blu Plaza Hotel, Hyderabad","Bakery, Cafe₹ 900 for two approx.",₹ 900 for two approx.,30% Off + 25% Off
Mazuri Cafe4.0,4.0,"Banjara Hills, Hyderabad","European, Multicuisine₹ 1000 for two approx.",₹ 1000 for two approx.,30% Off + 25% Off
Namchi - Fusion Of Taste Buds4.2,4.2,"Banjara Hills, Hyderabad",Indian₹ 1000 for two approx.,₹ 1000 for two approx.,20% Off + 25% Off
The Octagon Cafe4.0,4.0,"Banjara Hills, Hyderabad",European₹ 1600 for two approx.,₹ 1600 for two approx.,10% Off + 25% Off
Chill and Terrace 3.9,3.9,"Radisson Blu Plaza Hotel, Hyderabad","Indian, European₹ 1500 for two approx.",₹ 1500 for two approx.,35% Off + 25% Off
La Pino'z Pizza5.0,5.0,"Road No. 12, Banjara Hills, Hyderabad  | View All(2) Outlets","Italian, Pizza₹ 400 for two approx.",₹ 400 for two approx.,10% Off + 25% Off
Pakka Local4.3,4.3,"Road No. 7, Banjara Hills, Hyderabad  | View All(4) Outlets",Multicuisine₹ 1200 for two approx.,₹ 1200 for two approx.,25% Off :Payeazy
Ohri's Cake Nation1.0,1.0,"Banjara Hills, Hyderabad  | View All(10) Outlets",Bakery₹ 800 for two approx.,₹ 800 for two approx.,10% Off + 25% Off
Harry's The Pub4.8,4.8,"Aditya Park, Hyderabad","Finger Food, Cocktail Menu₹ 1400 for two approx.",₹ 1400 for two approx.,35% Off + 25% Off
Lemerian Workin Cafe4.0,4.0,"Road No. 12, Banjara Hills, Hyderabad",Multicuisine₹ 800 for two approx.,₹ 800 for two approx.,10% Off + 25% Off
Chef Inam's Steak House5.0,5.0,"Banjara Hills, Hyderabad","Barbeque, American₹ 1800 for two approx.",₹ 1800 for two approx.,25% Off :Payeazy
ZYTHUM Brewing Co.4.5,4.5,"Jubilee Hills, Hyderabad",Multicuisine₹ 2500 for two approx.,₹ 2500 for two approx.,25% Off + 25% Off
Verandah 4.5,4.5,"The Park, Hyderabad",Multicuisine₹ 2500 for two approx.,₹ 2500 for two approx.,40% Off + 25% Off
Cayenne 4.3,4.3,Mercure Hyderabad KCP,Multicuisine₹ 2000 for two approx.,₹ 2000 for two approx.,40% Off + 25% Off
Wow! China Bistro1.0,1.0,"Banjara Hills, Hyderabad  | View All(8) Outlets",Chinese₹ 600 for two approx.,₹ 600 for two approx.,25% Off :Payeazy
Bourbon & Breeze4.3,4.3,"Banjara Hills, Hyderabad",Multicuisine₹ 1500 for two approx.,₹ 1500 for two approx.,50% Off + 25% Off
TOS Club & Lounge4.0,4.0,"Banjara Hills, Hyderabad",Multicuisine₹ 1000 for two approx.,₹ 1000 for two approx.,25% Off + 25% Off
Hydrate The Bar4.5,4.5,"Hampshire Plaza Hotel, Hyderabad","Finger Food, Cocktail Menu₹ 1100 for two approx.",₹ 1100 for two approx.,20% Off + 25% Off
Rasa by Ashoka4.6,4.6,"Best Western Ashoka, Hyderabad",Indian₹ 1500 for two approx.,₹ 1500 for two approx.,25% Off + 25% Off
Aqua 4.4,4.4,"The Park, Hyderabad","Finger Food, Cocktail Menu₹ 2500 for two approx.",₹ 2500 for two approx.,30% Off + 25% Off
Kasuall3.7,3.7,"Somajiguda, Hyderabad",Multicuisine₹ 1200 for two approx.,₹ 1200 for two approx.,50% Off + 25% Off
Masala Republic by Dadu's4.5,4.5,"Banjara Hills, Hyderabad  | View All(5) Outlets",Multicuisine₹ 1100 for two approx.,₹ 1100 for two approx.,30% Off + 25% Off
Bar 41 4.5,4.5,"Radisson Blu Plaza Hotel, Hyderabad","Finger Food, Cocktail Menu₹ 2000 for two approx.",₹ 2000 for two approx.,35% Off + 25% Off
"Tre forni, Italian Restaurant & Bar4.0",4.0,"Park Hyatt, Hyderabad",Italian₹ 4000 for two approx.,₹ 4000 for two approx.,25% Off + 25% Off
Aish4.1,4.1,"The Park, Hyderabad","Indian, South Indian₹ 2400 for two approx.",₹ 2400 for two approx.,30% Off + 25% Off
The Dining Room4.1,4.1,"Park Hyatt, Hyderabad",Multicuisine₹ 3500 for two approx.,₹ 3500 for two approx.,30% Off + 25% Off
Kuchipudi3.8,3.8,"Katriya Hotels, Hyderabad",South Indian₹ 1000 for two approx.,₹ 1000 for two approx.,50% Off + 25% Off
By The Bay4.1,4.1,"Necklace Road, Hyderabad","Cocktail Menu, Multicuisine₹ 1200 for two approx.",₹ 1200 for two approx.,10% Off + 25% Off
Promenade4.1,4.1,"Aditya Park, Hyderabad",Multicuisine₹ 1000 for two approx.,₹ 1000 for two approx.,35% Off + 25% Off
Palace Heights4.6,4.6,"Road No. 12, Banjara Hills, Hyderabad",Multicuisine₹ 1500 for two approx.,₹ 1500 for two approx.,20% Off + 25% Off
Zanzi Bar5.0,5.0,The Golkonda Hotel,"Finger Food, Cocktail Menu₹ 1900 for two approx.",₹ 1900 for two approx.,25% Off + 25% Off
The Terrace5.0,5.0,Mercure Hyderabad KCP,Multicuisine₹ 1800 for two approx.,₹ 1800 for two approx.,40% Off + 25% Off
Rika 4.4,4.4,"Park Hyatt, Hyderabad","Asian, Japanese₹ 3000 for two approx.",₹ 3000 for two approx.,25% Off + 25% Off
MOB - Belgium Beer House4.0,4.0,"Film Nagar, Hyderabad",Multicuisine₹ 1500 for two approx.,₹ 1500 for two approx.,10% Off + 25% Off
KGF - Krishna Godavari Flavours4.0,4.0,"Banjara Hills, Hyderabad",Multicuisine₹ 800 for two approx.,₹ 800 for two approx.,10% Off + 25% Off
Tolly Junction Rest O Bar4.0,4.0,"Banjara Hills, Hyderabad",Multicuisine₹ 1000 for two approx.,₹ 1000 for two approx.,25% Off + 25% Off
Cuiscent 3.5,3.5,"Lakdikapul, Hyderabad",Multicuisine₹ 600 for two approx.,₹ 600 for two approx.,25% Off + 25% Off
MoXa Kitchen4.2,4.2,"Jubilee Hills, Hyderabad",Multicuisine₹ 1300 for two approx.,₹ 1300 for two approx.,35% Off + 25% Off
Cassia3.8,3.8,"Hampshire Plaza Hotel, Hyderabad",Multicuisine₹ 1200 for two approx.,₹ 1200 for two approx.,20% Off + 25% Off
24/7 Gallery Café3.5,3.5,Hyatt Place Hyderabad Banjara Hills,Multicuisine₹ 1500 for two approx.,₹ 1500 for two approx.,20% Off + 25% Off
Kismet 2.6,2.6,"The Park, Hyderabad","Finger Food, Cocktail Menu₹ 3000 for two approx.",₹ 3000 for two approx.,30% Off + 25% Off
Zouq 3.9,3.9,"Road No. 2, Banjara Hills, Hyderabad",Turkish₹ 600 for two approx.,₹ 600 for two approx.,10% Off + 25% Off
Jewel of Nizam3.8,3.8,The Golkonda Hotel  | View All(1) Outlets,Indian₹ 2200 for two approx.,₹ 2200 for two approx.,20% Off + 25% Off
Rayalaseema Ruchulu4.5,4.5,"Ameerpet, Hyderabad  | View All(4) Outlets","South Indian, Andhra₹ 800 for two approx.",₹ 800 for two approx.,10% Off + 25% Off
Little Italy3.9,3.9,"Jubilee Hills, Hyderabad  | View All(4) Outlets","Mexican, Italian₹ 1500 for two approx.",₹ 1500 for two approx.,10% Off + 25% Off
10 Biryanis5.0,5.0,"Jubilee Hills, Hyderabad","Mughlai, North Indian₹ 1200 for two approx.",₹ 1200 for two approx.,25% Off + 25% Off
Rium Cafe3.0,3.0,"Banjara Hills, Hyderabad","Chinese, Continental₹ 1200 for two approx.",₹ 1200 for two approx.,50% Off + 25% Off
Mandi King Elite Arabian Restaurant5.0,5.0,"Tolichowki, Hyderabad",Arabian₹ 1000 for two approx.,₹ 1000 for two approx.,10% Off + 25% Off
Kabul Darbar3.9,3.9,"Tolichowki, Hyderabad","Arabian, Afghani₹ 1000 for two approx.",₹ 1000 for two approx.,10% Off + 25% Off
Barbeque Spice3.9,3.9,"Abids, Hyderabad",Barbeque₹ 1500 for two approx.,₹ 1500 for two approx.,30% Off + 25% Off
Hard Rock Cafe4.1,4.1,"GVK One Mall, Banjara Hills",Multicuisine₹ 1800 for two approx.,₹ 1800 for two approx.,30% Off + 25% Off
Flavours 4.0,4.0,"Ameerpet, Hyderabad",₹ 800 for two approx.,₹ 800 for two approx.,30% Off + 25% Off
Paradise Biryani - A Legend since 19534.3,4.3,"Khairatabad, Hyderabad  | View All(25) Outlets",Biryani₹ 800 for two approx.,₹ 800 for two approx.,10% Off + 25% Off
Melange 4.0,4.0,The Golkonda Hotel,Multicuisine₹ 2200 for two approx.,₹ 2200 for two approx.,30% Off + 25% Off
Once Upon A Time 4.3,4.3,Hotel GreenPark,Indian₹ 2000 for two approx.,₹ 2000 for two approx.,30% Off + 25% Off
Barbeque Nation4.5,4.5,"Road No. 1, Banjara Hills, Hyderabad  | View All(16) Outlets","Barbeque, Multicuisine₹ 2000 for two approx.",₹ 2000 for two approx.,25% Off :Payeazy
Seventh Heaven4.4,4.4,"Panjagutta, Hyderabad  | View All(2) Outlets",Multicuisine₹ 1500 for two approx.,₹ 1500 for two approx.,10% Off + 25% Off
Arabian Nights Mandi Restaurant3.5,3.5,"Ameerpet, Hyderabad",Multicuisine₹ 600 for two approx.,₹ 600 for two approx.,10% Off + 25% Off
The Waterfront Bar & Grill2.2,2.2,"Necklace Road, Hyderabad","Indian, Chinese₹ 1200 for two approx.",₹ 1200 for two approx.,15% Off + 25% Off
Tabla4.2,4.2,"Banjara Hills, Hyderabad  | View All(5) Outlets",Multicuisine₹ 1333 for two approx.,₹ 1333 for two approx.,20% Off + 25% Off
FEU - Dessert Bar & Kitchen5.0,5.0,"Jubilee Hills, Hyderabad",Multicuisine₹ 1400 for two approx.,₹ 1400 for two approx.,10% Off + 25% Off
Chili’s Grill & Bar3.8,3.8,"Banjara Hills, Hyderabad  | View All(3) Outlets",Tex-Mex₹ 1500 for two approx.,₹ 1500 for two approx.,15% Off + 25% Off
AB's - Absolute Barbecues4.5,4.5,"Road No. 1, Banjara Hills, Hyderabad  | View All(12) Outlets","Barbeque, Multicuisine₹ 1850 for two approx.",₹ 1850 for two approx.,25% Off :Payeazy
Frosty Den4.0,4.0,"Amberpet, Hyderabad","Desserts, Fast Food₹ 500 for two approx.",₹ 500 for two approx.,35% Off + 25% Off
Medley - Pure Vegetarian4.7,4.7,"Jubilee Hills, Hyderabad",Multicuisine₹ 1000 for two approx.,₹ 1000 for two approx.,20% Off + 25% Off
Bikanervala4.7,4.7,"Bikanervala Boutique, Hyderabad  | View All(3) Outlets",Multicuisine₹ 1200 for two approx.,₹ 1200 for two approx.,10% Off + 25% Off
Raen - The Chef’s Studio4.0,4.0,The Leela Hyderabad,Bengali₹ 4000 for two approx.,₹ 4000 for two approx.,25% Off :Payeazy
The Fifth Street4.0,4.0,"Jubilee Hills, Hyderabad",Multicuisine₹ 1000 for two approx.,₹ 1000 for two approx.,15% Off + 25% Off
The Sicca Bar1.0,1.0,"The Park, Hyderabad","Finger Food, Cocktail Menu₹ 1800 for two approx.",₹ 1800 for two approx.,30% Off + 25% Off
Tulips4.3,4.3,Hotel GreenPark,Multicuisine₹ 1500 for two approx.,₹ 1500 for two approx.,10% Off + 25% Off
Garage Moto Cafe4.0,4.0,"Jubilee Hills, Hyderabad",Multicuisine₹ 800 for two approx.,₹ 800 for two approx.,10% Off + 25% Off
Saffron Restaurant3.6,3.6,"Jubilee Hills, Hyderabad",North Indian₹ 1200 for two approx.,₹ 1200 for two approx.,10% Off + 25% Off
The Palm Banjara3.2,3.2,"Jubilee Hills, Hyderabad",Multicuisine₹ 800 for two approx.,₹ 800 for two approx.,10% Off + 25% Off
Hooch- Club & Kitchen4.0,4.0,"Banjara Hills, Hyderabad",Multicuisine₹ 1800 for two approx.,₹ 1800 for two approx.,55% Off + 25% Off
Kebabs & Kurries4.8,4.8,ITC Kakatiya,Indian₹ 3400 for two approx.,₹ 3400 for two approx.,10% Off + 25% Off
Wow! Momo1.0,1.0,"Ameerpet, Hyderabad  | View All(23) Outlets",Momos₹ 400 for two approx.,₹ 400 for two approx.,15% Off + 25% Off
Kadali Kitchen4.8,4.8,"Jubilee Hills, Hyderabad",Indian₹ 1000 for two approx.,₹ 1000 for two approx.,25% Off :Payeazy
Okra3.8,3.8,"Hyderabad Marriott Hotel & Convention Centre, Hyderabad",Multicuisine₹ 2500 for two approx.,₹ 2500 for two approx.,30% Off + 25% Off
Dakshin Haveli4.0,4.0,"Banjara Hills, Hyderabad",South Indian₹ 400 for two approx.,₹ 400 for two approx.,25% Off + 25% Off
Fly - Feel The High5.0,5.0,"Jubilee Hills, Hyderabad","Cocktail Menu, Multicuisine₹ 1400 for two approx.",₹ 1400 for two approx.,20% Off + 25% Off
Deccan Pavilion3.9,3.9,ITC Kakatiya,Multicuisine₹ 2600 for two approx.,₹ 2600 for two approx.,10% Off + 25% Off
Dakshin4.3,4.3,ITC Kakatiya,South Indian₹ 3400 for two approx.,₹ 3400 for two approx.,10% Off + 25% Off
Aroma Multi Cuisine Restaurant3.9,3.9,"Gachibowli, Hyderabad",Multicuisine₹ 1200 for two approx.,₹ 1200 for two approx.,35% Off + 25% Off
Tiga4.0,4.0,The Leela Hyderabad,Pan Asian₹ 3500 for two approx.,₹ 3500 for two approx.,25% Off :Payeazy
EKAA - A Harmony Of Flavours4.0,4.0,"Banjara Hills, Hyderabad",Multicuisine₹ 800 for two approx.,₹ 800 for two approx.,20% Off + 25% Off
The Gallery Cafe5.0,5.0,"Banjara Hills, Hyderabad",Continental₹ 900 for two approx.,₹ 900 for two approx.,15% Off + 25% Off
Sync Resto Bar4.8,4.8,"Best Western Ashoka, Hyderabad",Indian₹ 1300 for two approx.,₹ 1300 for two approx.,15% Off + 25% Off
Jolly Bros and Co.3.5,3.5,"Banjara Hills, Hyderabad","Finger Food, Cocktail Menu₹ 1500 for two approx.",₹ 1500 for two approx.,25% Off :Payeazy
Krispy Kreme4.0,4.0,"Banjara Hills, Hyderabad  | View All(9) Outlets",Desserts₹ 350 for two approx.,₹ 350 for two approx.,15% Off + 25% Off
Spice It 3.2,3.2,"Ibis Hotel, Hyderabad",Indian₹ 1400 for two approx.,₹ 1400 for two approx.,50% Off + 25% Off
Permit To Grill4.0,4.0,Novotel Hyderabad Convention Centre,Continental₹ 1800 for two approx.,₹ 1800 for two approx.,30% Off + 25% Off
Cups N Plates4.6,4.6,"Lakdikapul, Hyderabad",Fast Food₹ 900 for two approx.,₹ 900 for two approx.,10% Off + 25% Off
The Bedford BakeHouse & TeaRoom4.5,4.5,"Banjara Hills, Hyderabad","Italian, European, Bakery₹ 1100 for two approx.",₹ 1100 for two approx.,10% Off + 25% Off
Marco Polo Bar4.3,4.3,ITC Kakatiya,Finger Food₹ 2700 for two approx.,₹ 2700 for two approx.,10% Off + 25% Off
Esthio4.1,4.1,"Somajiguda, Hyderabad",Italian₹ 1150 for two approx.,₹ 1150 for two approx.,10% Off + 25% Off
Params Kitchen & Cafe4.0,4.0,"Ameerpet, Hyderabad",Multicuisine₹ 600 for two approx.,₹ 600 for two approx.,10% Off + 25% Off
Banjara9 Multi Cuisine Restaurant4.0,4.0,"Khairatabad, Hyderabad",Multicuisine₹ 1000 for two approx.,₹ 1000 for two approx.,10% Off + 25% Off
Deccan Cafe Restaurant 4.0,4.0,"Park Continental, Hyderabad",Indian₹ 800 for two approx.,₹ 800 for two approx.,10% Off + 25% Off
Chandra Haveli3.0,3.0,"Jubilee Hills, Hyderabad",Multicuisine₹ 800 for two approx.,₹ 800 for two approx.,15% Off + 25% Off
Bharpur Multicusine Family Restaurant4.0,4.0,"Punjagutta, Hyderabad",Multicuisine₹ 1000 for two approx.,₹ 1000 for two approx.,10% Off + 25% Off
Urban Nemo Cafe In Garden4.8,4.8,"Jubilee Hills, Hyderabad",Multicuisine₹ 800 for two approx.,₹ 800 for two approx.,25% Off :Payeazy
Moonlight Bar2.7,2.7,"Best Western Ashoka, Hyderabad",Finger Food₹ 1200 for two approx.,₹ 1200 for two approx.,15% Off + 25% Off
Kritunga The Palegars Cuisine3.5,3.5,"Somajiguda, Hyderabad",Multicuisine₹ 1200 for two approx.,₹ 1200 for two approx.,10% Off + 25% Off
Golden Pavilion3.3,3.3,"Banjara Hills, Hyderabad",Multicuisine₹ 1500 for two approx.,₹ 1500 for two approx.,10% Off + 25% Off
Bel Posto The Cafe4.5,4.5,"Road No. 36, Jubilee Hills, Hyderabad",Multicuisine₹ 800 for two approx.,₹ 800 for two approx.,30% Off + 25% Off
Candy cloud factory4.0,4.0,"Banjara Hills, Hyderabad","Beverages, Desserts, Fast Food₹ 300 for two approx.",₹ 300 for two approx.,Free Dessert + 25% Off
Hyderabad Mandi Restaurant 4.0,4.0,"Yousufguda, Hyderabad",Multicuisine₹ 450 for two approx.,₹ 450 for two approx.,Free Beverages + 25% Off
ZING - Sky Bar + Lounge4.1,4.1,Hyatt Place Hyderabad Banjara Hills,Multicuisine₹ 1500 for two approx.,₹ 1500 for two approx.,25% Off :Payeazy
Onesta4.0,4.0,"Road No. 1, Banjara Hills, Hyderabad  | View All(1) Outlets",Italian₹ 600 for two approx.,₹ 600 for two approx.,25% Off :Payeazy
Insomnia4.1,4.1,"Road No. 36, Jubilee Hills, Hyderabad","Finger Food, Cocktail Menu₹ 1500 for two approx.",₹ 1500 for two approx.,20% Off + 25% Off
Eagle Bar & Restaurant5.0,5.0,"Hotel Abode, Hyderabad","Finger Food, Cocktail Menu, Continental₹ 1000 for two approx.",₹ 1000 for two approx.,25% Off :Payeazy
Kanak4.5,4.5,Trident Hyderabad,Indian₹ 4500 for two approx.,₹ 4500 for two approx.,25% Off + 25% Off
Connect1.0,1.0,"Jubilee Hills, Hyderabad",Multicuisine₹ 1200 for two approx.,₹ 1200 for two approx.,15% Off + 25% Off
The Library Bar4.0,4.0,The Leela Hyderabad,"Finger Food, Cocktail Menu₹ 3500 for two approx.",₹ 3500 for two approx.,25% Off :Payeazy
Solcito 4.0,4.0,The Leela Hyderabad,Multicuisine₹ 5000 for two approx.,₹ 5000 for two approx.,25% Off :Payeazy
The Foodstories Cafe4.0,4.0,"Banjara Hills, Hyderabad",European₹ 1500 for two approx.,₹ 1500 for two approx.,25% Off :Payeazy
